,innings1_runs,innings2_runs,Season,Innings1_BattingTeam,Innings2_BattingTeam,Venue
1312200,44,31,2022,Rajasthan Royals,Gujarat Titans,"Narendra Modi Stadium, Ahmedabad"
1312199,46,67,2022,Royal Challengers Bangalore,Rajasthan Royals,"Narendra Modi Stadium, Ahmedabad"
1312198,52,62,2022,Royal Challengers Bangalore,Lucknow Super Giants,"Eden Gardens, Kolkata"
1312197,55,64,2022,Rajasthan Royals,Gujarat Titans,"Eden Gardens, Kolkata"
1304116,43,62,2022,Sunrisers Hyderabad,Punjab Kings,"Wankhede Stadium, Mumbai"
1304115,37,27,2022,Delhi Capitals,Mumbai Indians,"Wankhede Stadium, Mumbai"
1304114,75,52,2022,Chennai Super Kings,Rajasthan Royals,"Brabourne Stadium, Mumbai"
1304113,38,55,2022,Gujarat Titans,Royal Challengers Bangalore,"Wankhede Stadium, Mumbai"
1304112,44,60,2022,Lucknow Super Giants,Kolkata Knight Riders,"Dr DY Patil Sports Academy, Mumbai"
1304111,57,51,2022,Sunrisers Hyderabad,Mumbai Indians,"Wankhede Stadium, Mumbai"
1304110,59,54,2022,Delhi Capitals,Punjab Kings,"Dr DY Patil Sports Academy, Mumbai"
1304109,51,34,2022,Rajasthan Royals,Lucknow Super Giants,"Brabourne Stadium, Mumbai"
1304108,47,53,2022,Chennai Super Kings,Gujarat Titans,"Wankhede Stadium, Mumbai"
1304107,55,31,2022,Kolkata Knight Riders,Sunrisers Hyderabad,"Maharashtra Cricket Association Stadium, Pune"
1304106,83,44,2022,Punjab Kings,Royal Challengers Bangalore,"Brabourne Stadium, Mumbai"
1304105,32,36,2022,Chennai Super Kings,Mumbai Indians,"Wankhede Stadium, Mumbai"
1304104,43,38,2022,Rajasthan Royals,Delhi Capitals,"Dr DY Patil Sports Academy, Mumbai"
1304103,35,37,2022,Gujarat Titans,Lucknow Super Giants,"Maharashtra Cricket Association Stadium, Pune"
1304102,64,37,2022,Kolkata Knight Riders,Mumbai Indians,"Dr DY Patil Sports Academy, Mumbai"
1304101,57,59,2022,Chennai Super Kings,Delhi Capitals,"Dr DY Patil Sports Academy, Mumbai"
1304100,47,39,2022,Royal Challengers Bangalore,Sunrisers Hyderabad,"Wankhede Stadium, Mumbai"
1304099,66,25,2022,Lucknow Super Giants,Kolkata Knight Riders,"Maharashtra Cricket Association Stadium, Pune"
1304098,48,67,2022,Punjab Kings,Rajasthan Royals,"Wankhede Stadium, Mumbai"
1304097,63,54,2022,Mumbai Indians,Gujarat Titans,"Brabourne Stadium, Mumbai"
1304096,50,35,2022,Delhi Capitals,Sunrisers Hyderabad,"Brabourne Stadium, Mumbai"
1304095,57,51,2022,Royal Challengers Bangalore,Chennai Super Kings,"Maharashtra Cricket Association Stadium, Pune"
1304094,42,43,2022,Gujarat Titans,Punjab Kings,"Dr DY Patil Sports Academy, Mumbai"
1304093,38,32,2022,Rajasthan Royals,Kolkata Knight Riders,"Wankhede Stadium, Mumbai"
1304092,40,58,2022,Chennai Super Kings,Sunrisers Hyderabad,"Maharashtra Cricket Association Stadium, Pune"
1304091,57,66,2022,Lucknow Super Giants,Delhi Capitals,"Wankhede Stadium, Mumbai"
1304090,40,41,2022,Rajasthan Royals,Mumbai Indians,"Dr DY Patil Sports Academy, Mumbai"
1304089,43,46,2022,Royal Challengers Bangalore,Gujarat Titans,"Brabourne Stadium, Mumbai"
1304088,39,46,2022,Lucknow Super Giants,Punjab Kings,"Maharashtra Cricket Association Stadium, Pune"
1304087,29,47,2022,Kolkata Knight Riders,Delhi Capitals,"Wankhede Stadium, Mumbai"
1304086,53,59,2022,Sunrisers Hyderabad,Gujarat Titans,"Wankhede Stadium, Mumbai"
1304085,43,37,2022,Rajasthan Royals,Royal Challengers Bangalore,"Maharashtra Cricket Association Stadium, Pune"
1304084,37,32,2022,Punjab Kings,Chennai Super Kings,"Wankhede Stadium, Mumbai"
1304083,32,43,2022,Lucknow Super Giants,Mumbai Indians,"Wankhede Stadium, Mumbai"
1304082,31,56,2022,Royal Challengers Bangalore,Sunrisers Hyderabad,"Brabourne Stadium, Mumbai"
1304081,47,34,2022,Gujarat Titans,Kolkata Knight Riders,"Dr DY Patil Sports Academy, Mumbai"
1304080,44,55,2022,Rajasthan Royals,Delhi Capitals,"Wankhede Stadium, Mumbai"
1304079,42,46,2022,Mumbai Indians,Chennai Super Kings,"Dr DY Patil Sports Academy, Mumbai"
1304078,47,81,2022,Punjab Kings,Delhi Capitals,"Brabourne Stadium, Mumbai"
1304077,47,44,2022,Royal Challengers Bangalore,Lucknow Super Giants,"Dr DY Patil Sports Academy, Mumbai"
1304076,60,57,2022,Rajasthan Royals,Kolkata Knight Riders,"Brabourne Stadium, Mumbai"
1304075,39,37,2022,Chennai Super Kings,Gujarat Titans,"Maharashtra Cricket Association Stadium, Pune"
1304074,48,39,2022,Punjab Kings,Sunrisers Hyderabad,"Dr DY Patil Sports Academy, Mumbai"
1304073,40,57,2022,Royal Challengers Bangalore,Delhi Capitals,"Wankhede Stadium, Mumbai"
1304072,57,57,2022,Lucknow Super Giants,Mumbai Indians,"Brabourne Stadium, Mumbai"
1304071,38,46,2022,Kolkata Knight Riders,Sunrisers Hyderabad,"Brabourne Stadium, Mumbai"
1304070,42,65,2022,Gujarat Titans,Rajasthan Royals,"Dr DY Patil Sports Academy, Mumbai"
1304069,65,42,2022,Punjab Kings,Mumbai Indians,"Maharashtra Cricket Association Stadium, Pune"
1304068,35,42,2022,Chennai Super Kings,Royal Challengers Bangalore,"Dr DY Patil Sports Academy, Mumbai"
1304067,51,42,2022,Gujarat Titans,Sunrisers Hyderabad,"Dr DY Patil Sports Academy, Mumbai"
1304066,44,31,2022,Rajasthan Royals,Lucknow Super Giants,"Wankhede Stadium, Mumbai"
1304065,68,43,2022,Delhi Capitals,Kolkata Knight Riders,"Brabourne Stadium, Mumbai"
1304064,49,30,2022,Mumbai Indians,Royal Challengers Bangalore,"Maharashtra Cricket Association Stadium, Pune"
1304063,41,37,2022,Chennai Super Kings,Sunrisers Hyderabad,"Dr DY Patil Sports Academy, Mumbai"
1304062,43,53,2022,Punjab Kings,Gujarat Titans,"Brabourne Stadium, Mumbai"
1304061,52,48,2022,Delhi Capitals,Lucknow Super Giants,"Dr DY Patil Sports Academy, Mumbai"
1304060,35,35,2022,Mumbai Indians,Kolkata Knight Riders,"Maharashtra Cricket Association Stadium, Pune"
1304059,35,48,2022,Rajasthan Royals,Royal Challengers Bangalore,"Wankhede Stadium, Mumbai"
1304058,32,40,2022,Lucknow Super Giants,Sunrisers Hyderabad,"Dr DY Patil Sports Academy, Mumbai"
1304057,72,27,2022,Punjab Kings,Chennai Super Kings,"Brabourne Stadium, Mumbai"
1304056,44,43,2022,Gujarat Titans,Delhi Capitals,"Maharashtra Cricket Association Stadium, Pune"
1304055,48,50,2022,Rajasthan Royals,Mumbai Indians,"Dr DY Patil Sports Academy, Mumbai"
1304054,62,51,2022,Punjab Kings,Kolkata Knight Riders,"Wankhede Stadium, Mumbai"
1304053,73,55,2022,Chennai Super Kings,Lucknow Super Giants,"Brabourne Stadium, Mumbai"
1304052,44,36,2022,Kolkata Knight Riders,Royal Challengers Bangalore,"Dr DY Patil Sports Academy, Mumbai"
1304051,58,14,2022,Rajasthan Royals,Sunrisers Hyderabad,"Maharashtra Cricket Association Stadium, Pune"
1304050,32,44,2022,Lucknow Super Giants,Gujarat Titans,"Wankhede Stadium, Mumbai"
1304049,41,63,2022,Royal Challengers Bangalore,Punjab Kings,"Dr DY Patil Sports Academy, Mumbai"
1304048,53,46,2022,Mumbai Indians,Delhi Capitals,"Brabourne Stadium, Mumbai"
1304047,35,43,2022,Chennai Super Kings,Kolkata Knight Riders,"Wankhede Stadium, Mumbai"
1254117,50,55,2021,Chennai Super Kings,Kolkata Knight Riders,Dubai International Cricket Stadium
1254116,38,51,2021,Delhi Capitals,Kolkata Knight Riders,Sharjah Cricket Stadium
1254115,53,48,2021,Royal Challengers Bangalore,Kolkata Knight Riders,Sharjah Cricket Stadium
1254114,51,59,2021,Delhi Capitals,Chennai Super Kings,Dubai International Cricket Stadium
1254113,55,59,2021,Royal Challengers Bangalore,Chennai Super Kings,Dubai International Cricket Stadium
1254112,35,46,2021,Mumbai Indians,Delhi Capitals,"Zayed Cricket Stadium, Abu Dhabi"
1254111,57,49,2021,Rajasthan Royals,Punjab Kings,Sharjah Cricket Stadium
1254110,48,51,2021,Chennai Super Kings,Delhi Capitals,Dubai International Cricket Stadium
1254109,35,36,2021,Sunrisers Hyderabad,Kolkata Knight Riders,"Zayed Cricket Stadium, Abu Dhabi"
1254108,48,56,2021,Royal Challengers Bangalore,Mumbai Indians,Sharjah Cricket Stadium
1254107,29,20,2021,Punjab Kings,Sunrisers Hyderabad,Dubai International Cricket Stadium
1254106,34,17,2021,Kolkata Knight Riders,Rajasthan Royals,Sharjah Cricket Stadium
1254105,32,39,2021,Sunrisers Hyderabad,Delhi Capitals,Dubai International Cricket Stadium
1254104,24,41,2021,Chennai Super Kings,Mumbai Indians,Sharjah Cricket Stadium
1254103,56,54,2021,Rajasthan Royals,Royal Challengers Bangalore,"Zayed Cricket Stadium, Abu Dhabi"
1254102,48,46,2021,Kolkata Knight Riders,Punjab Kings,Dubai International Cricket Stadium
1254101,55,29,2021,Delhi Capitals,Royal Challengers Bangalore,Sharjah Cricket Stadium
1254100,49,63,2021,Rajasthan Royals,Sunrisers Hyderabad,Dubai International Cricket Stadium
1254099,38,30,2021,Punjab Kings,Mumbai Indians,"Zayed Cricket Stadium, Abu Dhabi"
1254098,50,52,2021,Kolkata Knight Riders,Chennai Super Kings,Sharjah Cricket Stadium
1254097,36,21,2021,Delhi Capitals,Rajasthan Royals,Dubai International Cricket Stadium
1254096,56,63,2021,Mumbai Indians,Kolkata Knight Riders,"Zayed Cricket Stadium, Abu Dhabi"
1254095,50,37,2021,Sunrisers Hyderabad,Royal Challengers Bangalore,Dubai International Cricket Stadium
1254094,30,51,2021,Chennai Super Kings,Punjab Kings,"Zayed Cricket Stadium, Abu Dhabi"
1254093,41,56,2021,Rajasthan Royals,Mumbai Indians,Sharjah Cricket Stadium
1254092,39,44,2021,Delhi Capitals,Kolkata Knight Riders,Sharjah Cricket Stadium
1254091,41,47,2021,Sunrisers Hyderabad,Chennai Super Kings,"Zayed Cricket Stadium, Abu Dhabi"
1254090,55,49,2021,Royal Challengers Bangalore,Punjab Kings,Dubai International Cricket Stadium
1254089,44,81,2021,Chennai Super Kings,Rajasthan Royals,Dubai International Cricket Stadium
1254088,83,70,2021,Mumbai Indians,Sunrisers Hyderabad,"Zayed Cricket Stadium, Abu Dhabi"
1254087,41,56,2021,Royal Challengers Bangalore,Kolkata Knight Riders,Dubai International Cricket Stadium
1254086,39,63,2021,Punjab Kings,Delhi Capitals,"Narendra Modi Stadium, Ahmedabad"
1254085,42,57,2021,Rajasthan Royals,Sunrisers Hyderabad,"Arun Jaitley Stadium, Delhi"
1254084,49,58,2021,Chennai Super Kings,Mumbai Indians,"Arun Jaitley Stadium, Delhi"
1254083,49,36,2021,Punjab Kings,Royal Challengers Bangalore,"Narendra Modi Stadium, Ahmedabad"
1254082,45,67,2021,Kolkata Knight Riders,Delhi Capitals,"Narendra Modi Stadium, Ahmedabad"
1254081,47,49,2021,Rajasthan Royals,Mumbai Indians,"Arun Jaitley Stadium, Delhi"
1254080,39,50,2021,Sunrisers Hyderabad,Chennai Super Kings,"Arun Jaitley Stadium, Delhi"
1254079,36,43,2021,Royal Challengers Bangalore,Delhi Capitals,"Narendra Modi Stadium, Ahmedabad"
1254078,37,42,2021,Punjab Kings,Kolkata Knight Riders,"Narendra Modi Stadium, Ahmedabad"
1254077,51,56,2021,Delhi Capitals,Sunrisers Hyderabad,"MA Chidambaram Stadium, Chepauk, Chennai"
1254076,51,65,2021,Chennai Super Kings,Royal Challengers Bangalore,"Wankhede Stadium, Mumbai"
1254075,25,50,2021,Kolkata Knight Riders,Rajasthan Royals,"Wankhede Stadium, Mumbai"
1254074,21,45,2021,Mumbai Indians,Punjab Kings,"MA Chidambaram Stadium, Chepauk, Chennai"
1254073,32,59,2021,Rajasthan Royals,Royal Challengers Bangalore,"Wankhede Stadium, Mumbai"
1254072,54,45,2021,Chennai Super Kings,Kolkata Knight Riders,"Wankhede Stadium, Mumbai"
1254071,32,50,2021,Punjab Kings,Sunrisers Hyderabad,"MA Chidambaram Stadium, Chepauk, Chennai"
1254070,55,39,2021,Mumbai Indians,Delhi Capitals,"MA Chidambaram Stadium, Chepauk, Chennai"
1254069,46,45,2021,Chennai Super Kings,Rajasthan Royals,"Wankhede Stadium, Mumbai"
1254068,59,62,2021,Punjab Kings,Delhi Capitals,"Wankhede Stadium, Mumbai"
1254067,45,57,2021,Royal Challengers Bangalore,Kolkata Knight Riders,"MA Chidambaram Stadium, Chepauk, Chennai"
1254066,53,57,2021,Mumbai Indians,Sunrisers Hyderabad,"MA Chidambaram Stadium, Chepauk, Chennai"
1254065,26,32,2021,Punjab Kings,Chennai Super Kings,"Wankhede Stadium, Mumbai"
1254064,36,26,2021,Delhi Capitals,Rajasthan Royals,"Wankhede Stadium, Mumbai"
1254063,47,50,2021,Royal Challengers Bangalore,Sunrisers Hyderabad,"MA Chidambaram Stadium, Chepauk, Chennai"
1254062,42,45,2021,Mumbai Indians,Kolkata Knight Riders,"MA Chidambaram Stadium, Chepauk, Chennai"
1254061,46,59,2021,Punjab Kings,Rajasthan Royals,"Wankhede Stadium, Mumbai"
1254060,50,35,2021,Kolkata Knight Riders,Sunrisers Hyderabad,"MA Chidambaram Stadium, Chepauk, Chennai"
1254059,33,65,2021,Chennai Super Kings,Delhi Capitals,"Wankhede Stadium, Mumbai"
1254058,41,46,2021,Mumbai Indians,Royal Challengers Bangalore,"MA Chidambaram Stadium, Chepauk, Chennai"
1237181,41,61,2020,Delhi Capitals,Mumbai Indians,Dubai International Cricket Stadium
1237180,65,49,2020,Delhi Capitals,Sunrisers Hyderabad,Sheikh Zayed Stadium
1237178,32,48,2020,Royal Challengers Bangalore,Sunrisers Hyderabad,Sheikh Zayed Stadium
1237177,63,32,2020,Mumbai Indians,Delhi Capitals,Dubai International Cricket Stadium
1216547,59,35,2020,Royal Challengers Bangalore,Mumbai Indians,Sharjah Cricket Stadium
1216546,53,57,2020,Delhi Capitals,Punjab Kings,Sheikh Zayed Stadium
1216545,40,52,2020,Sunrisers Hyderabad,Kolkata Knight Riders,Dubai International Cricket Stadium
1216544,46,48,2020,Royal Challengers Bangalore,Chennai Super Kings,Sheikh Zayed Stadium
1216543,47,50,2020,Delhi Capitals,Rajasthan Royals,Dubai International Cricket Stadium
1216542,58,45,2020,Sunrisers Hyderabad,Punjab Kings,Sharjah Cricket Stadium
1216541,59,55,2020,Mumbai Indians,Rajasthan Royals,Sheikh Zayed Stadium
1216540,47,43,2020,Royal Challengers Bangalore,Kolkata Knight Riders,Dubai International Cricket Stadium
1216539,36,34,2020,Delhi Capitals,Chennai Super Kings,Sheikh Zayed Stadium
1216538,48,56,2020,Mumbai Indians,Sunrisers Hyderabad,Dubai International Cricket Stadium
1216537,53,66,2020,Punjab Kings,Rajasthan Royals,Sharjah Cricket Stadium
1216536,48,44,2020,Kolkata Knight Riders,Chennai Super Kings,Sheikh Zayed Stadium
1216535,22,38,2020,Delhi Capitals,Mumbai Indians,Dubai International Cricket Stadium
1216534,53,48,2020,Royal Challengers Bangalore,Sunrisers Hyderabad,Dubai International Cricket Stadium
1216533,43,31,2020,Chennai Super Kings,Rajasthan Royals,Sheikh Zayed Stadium
1216532,38,34,2020,Sunrisers Hyderabad,Delhi Capitals,Sharjah Cricket Stadium
1216531,57,56,2020,Royal Challengers Bangalore,Punjab Kings,Dubai International Cricket Stadium
1216530,55,41,2020,Kolkata Knight Riders,Rajasthan Royals,Sheikh Zayed Stadium
1216529,46,44,2020,Delhi Capitals,Mumbai Indians,Dubai International Cricket Stadium
1216528,44,40,2020,Chennai Super Kings,Sunrisers Hyderabad,Sheikh Zayed Stadium
1216527,60,69,2020,Punjab Kings,Rajasthan Royals,Sheikh Zayed Stadium
1216526,33,51,2020,Kolkata Knight Riders,Mumbai Indians,Dubai International Cricket Stadium
1216525,36,26,2020,Royal Challengers Bangalore,Chennai Super Kings,Dubai International Cricket Stadium
1216524,77,54,2020,Sunrisers Hyderabad,Delhi Capitals,Sharjah Cricket Stadium
1216523,25,47,2020,Kolkata Knight Riders,Punjab Kings,Sheikh Zayed Stadium
1216522,52,47,2020,Rajasthan Royals,Royal Challengers Bangalore,Sharjah Cricket Stadium
1216521,24,52,2020,Chennai Super Kings,Mumbai Indians,Dubai International Cricket Stadium
1216520,54,36,2020,Kolkata Knight Riders,Punjab Kings,Dubai International Cricket Stadium
1216519,63,43,2020,Delhi Capitals,Royal Challengers Bangalore,Sharjah Cricket Stadium
1216518,47,58,2020,Rajasthan Royals,Sunrisers Hyderabad,Dubai International Cricket Stadium
1216517,43,51,2020,Mumbai Indians,Punjab Kings,Sheikh Zayed Stadium
1216516,42,36,2020,Sunrisers Hyderabad,Chennai Super Kings,Sheikh Zayed Stadium
1216515,57,59,2020,Delhi Capitals,Kolkata Knight Riders,Dubai International Cricket Stadium
1216514,38,50,2020,Rajasthan Royals,Royal Challengers Bangalore,Sharjah Cricket Stadium
1216513,46,60,2020,Punjab Kings,Chennai Super Kings,Dubai International Cricket Stadium
1216512,48,58,2020,Kolkata Knight Riders,Sunrisers Hyderabad,Sheikh Zayed Stadium
1216511,57,31,2020,Mumbai Indians,Rajasthan Royals,Sheikh Zayed Stadium
1216510,50,40,2020,Punjab Kings,Royal Challengers Bangalore,Dubai International Cricket Stadium
1216509,39,41,2020,Chennai Super Kings,Delhi Capitals,Dubai International Cricket Stadium
1216508,59,33,2020,Mumbai Indians,Kolkata Knight Riders,Sharjah Cricket Stadium
1216507,26,36,2020,Sunrisers Hyderabad,Rajasthan Royals,Sheikh Zayed Stadium
1216506,53,57,2020,Punjab Kings,Chennai Super Kings,Sharjah Cricket Stadium
1216505,40,53,2020,Royal Challengers Bangalore,Delhi Capitals,Dubai International Cricket Stadium
1216504,42,39,2020,Kolkata Knight Riders,Rajasthan Royals,Sheikh Zayed Stadium
1216503,41,41,2020,Mumbai Indians,Punjab Kings,Dubai International Cricket Stadium
1216502,30,58,2020,Royal Challengers Bangalore,Sunrisers Hyderabad,Sheikh Zayed Stadium
1216501,52,54,2020,Kolkata Knight Riders,Chennai Super Kings,Dubai International Cricket Stadium
1216500,51,41,2020,Delhi Capitals,Rajasthan Royals,Sharjah Cricket Stadium
1216499,54,45,2020,Royal Challengers Bangalore,Mumbai Indians,Sheikh Zayed Stadium
1216498,47,52,2020,Punjab Kings,Sunrisers Hyderabad,Dubai International Cricket Stadium
1216497,36,36,2020,Kolkata Knight Riders,Delhi Capitals,Dubai International Cricket Stadium
1216496,54,53,2020,Rajasthan Royals,Chennai Super Kings,Sheikh Zayed Stadium
1216495,48,56,2020,Mumbai Indians,Sunrisers Hyderabad,Sharjah Cricket Stadium
1216494,17,44,2020,Kolkata Knight Riders,Royal Challengers Bangalore,Dubai International Cricket Stadium
1216493,23,35,2020,Delhi Capitals,Punjab Kings,Dubai International Cricket Stadium
1216492,51,37,2020,Mumbai Indians,Chennai Super Kings,Sheikh Zayed Stadium
1181768,45,53,2019,Mumbai Indians,Chennai Super Kings,"Rajiv Gandhi International Stadium, Uppal"
1181767,41,42,2019,Delhi Capitals,Chennai Super Kings,Dr. Y.S. Rajasekhara Reddy ACA-VDCA Cricket Stadium
1181766,54,55,2019,Sunrisers Hyderabad,Delhi Capitals,Dr. Y.S. Rajasekhara Reddy ACA-VDCA Cricket Stadium
1181764,32,44,2019,Chennai Super Kings,Mumbai Indians,"MA Chidambaram Stadium, Chepauk, Chennai"
1178431,49,46,2019,Kolkata Knight Riders,Mumbai Indians,"Punjab Cricket Association IS Bindra Stadium, Mohali"
1178430,42,68,2019,Chennai Super Kings,Punjab Kings,"Wankhede Stadium, Mumbai"
1178429,52,49,2019,Sunrisers Hyderabad,Royal Challengers Bangalore,M Chinnaswamy Stadium
1178428,30,46,2019,Rajasthan Royals,Delhi Capitals,"Arun Jaitley Stadium, Delhi"
1178427,41,62,2019,Punjab Kings,Kolkata Knight Riders,"Punjab Cricket Association IS Bindra Stadium, Mohali"
1178426,44,59,2019,Mumbai Indians,Sunrisers Hyderabad,"Wankhede Stadium, Mumbai"
1178425,27,59,2019,Chennai Super Kings,Delhi Capitals,"MA Chidambaram Stadium, Chepauk, Chennai"
1178424,62,41,2019,Royal Challengers Bangalore,Rajasthan Royals,M Chinnaswamy Stadium
1178423,77,44,2019,Sunrisers Hyderabad,Punjab Kings,"Rajiv Gandhi International Stadium, Uppal"
1178422,50,41,2019,Kolkata Knight Riders,Mumbai Indians,"Eden Gardens, Kolkata"
1178421,59,64,2019,Delhi Capitals,Royal Challengers Bangalore,"Arun Jaitley Stadium, Delhi"
1178420,51,60,2019,Sunrisers Hyderabad,Rajasthan Royals,Sawai Mansingh Stadium
1178419,45,40,2019,Mumbai Indians,Chennai Super Kings,"MA Chidambaram Stadium, Chepauk, Chennai"
1178418,32,55,2019,Kolkata Knight Riders,Rajasthan Royals,"Eden Gardens, Kolkata"
1178417,70,68,2019,Royal Challengers Bangalore,Punjab Kings,M Chinnaswamy Stadium
1178416,54,49,2019,Sunrisers Hyderabad,Chennai Super Kings,"MA Chidambaram Stadium, Chepauk, Chennai"
1178415,52,59,2019,Rajasthan Royals,Delhi Capitals,Sawai Mansingh Stadium
1178414,49,32,2019,Royal Challengers Bangalore,Chennai Super Kings,"Rajiv Gandhi International Stadium, Uppal"
1178413,61,72,2019,Kolkata Knight Riders,Sunrisers Hyderabad,M Chinnaswamy Stadium
1178412,50,60,2019,Punjab Kings,Delhi Capitals,"Arun Jaitley Stadium, Delhi"
1178411,46,60,2019,Mumbai Indians,Rajasthan Royals,Sawai Mansingh Stadium
1178410,42,37,2019,Royal Challengers Bangalore,Kolkata Knight Riders,"Eden Gardens, Kolkata"
1178409,57,48,2019,Mumbai Indians,Delhi Capitals,"Arun Jaitley Stadium, Delhi"
1178408,41,68,2019,Chennai Super Kings,Sunrisers Hyderabad,"Rajiv Gandhi International Stadium, Uppal"
1178407,39,54,2019,Punjab Kings,Rajasthan Royals,"Punjab Cricket Association IS Bindra Stadium, Mohali"
1178406,45,67,2019,Royal Challengers Bangalore,Mumbai Indians,"Wankhede Stadium, Mumbai"
1178405,51,40,2019,Delhi Capitals,Sunrisers Hyderabad,"Eden Gardens, Kolkata"
1178404,49,44,2019,Kolkata Knight Riders,Chennai Super Kings,"Rajiv Gandhi International Stadium, Uppal"
1178403,60,63,2019,Punjab Kings,Royal Challengers Bangalore,"Wankhede Stadium, Mumbai"
1178402,57,59,2019,Mumbai Indians,Rajasthan Royals,"Punjab Cricket Association IS Bindra Stadium, Mohali"
1178401,41,57,2019,Kolkata Knight Riders,Delhi Capitals,"Eden Gardens, Kolkata"
1178400,54,24,2019,Rajasthan Royals,Chennai Super Kings,Sawai Mansingh Stadium
1178399,50,50,2019,Punjab Kings,Mumbai Indians,"Wankhede Stadium, Mumbai"
1178398,29,40,2019,Kolkata Knight Riders,Chennai Super Kings,"MA Chidambaram Stadium, Chepauk, Chennai"
1178397,27,38,2019,Sunrisers Hyderabad,Punjab Kings,"Punjab Cricket Association IS Bindra Stadium, Mohali"
1178396,28,65,2019,Rajasthan Royals,Kolkata Knight Riders,Sawai Mansingh Stadium
1178395,40,53,2019,Royal Challengers Bangalore,Delhi Capitals,M Chinnaswamy Stadium
1178394,30,39,2019,Mumbai Indians,Sunrisers Hyderabad,"Rajiv Gandhi International Stadium, Uppal"
1178393,54,46,2019,Chennai Super Kings,Punjab Kings,"MA Chidambaram Stadium, Chepauk, Chennai"
1175372,53,59,2019,Royal Challengers Bangalore,Kolkata Knight Riders,M Chinnaswamy Stadium
1175371,36,62,2019,Delhi Capitals,Sunrisers Hyderabad,"Arun Jaitley Stadium, Delhi"
1175370,40,34,2019,Mumbai Indians,Chennai Super Kings,"Wankhede Stadium, Mumbai"
1175369,48,55,2019,Royal Challengers Bangalore,Rajasthan Royals,Sawai Mansingh Stadium
1175368,54,49,2019,Punjab Kings,Delhi Capitals,"Punjab Cricket Association IS Bindra Stadium, Mohali"
1175367,29,45,2019,Chennai Super Kings,Rajasthan Royals,"Rajiv Gandhi International Stadium, Uppal"
1175366,59,30,2019,Sunrisers Hyderabad,Royal Challengers Bangalore,"MA Chidambaram Stadium, Chepauk, Chennai"
1175365,36,45,2019,Kolkata Knight Riders,Delhi Capitals,"Arun Jaitley Stadium, Delhi"
1175364,62,38,2019,Mumbai Indians,Punjab Kings,"Punjab Cricket Association IS Bindra Stadium, Mohali"
1175363,35,69,2019,Rajasthan Royals,Sunrisers Hyderabad,"Rajiv Gandhi International Stadium, Uppal"
1175362,52,60,2019,Mumbai Indians,Royal Challengers Bangalore,M Chinnaswamy Stadium
1175361,53,51,2019,Kolkata Knight Riders,Punjab Kings,"Eden Gardens, Kolkata"
1175360,43,58,2019,Delhi Capitals,Chennai Super Kings,"Arun Jaitley Stadium, Delhi"
1175359,32,64,2019,Punjab Kings,Rajasthan Royals,Sawai Mansingh Stadium
1175358,45,46,2019,Delhi Capitals,Mumbai Indians,"Wankhede Stadium, Mumbai"
1175357,54,47,2019,Sunrisers Hyderabad,Kolkata Knight Riders,"Eden Gardens, Kolkata"
1175356,33,16,2019,Royal Challengers Bangalore,Chennai Super Kings,"MA Chidambaram Stadium, Chepauk, Chennai"
1136620,42,35,2018,Sunrisers Hyderabad,Chennai Super Kings,"Wankhede Stadium, Mumbai"
1136619,45,67,2018,Sunrisers Hyderabad,Kolkata Knight Riders,"Eden Gardens, Kolkata"
1136618,46,51,2018,Kolkata Knight Riders,Rajasthan Royals,"Eden Gardens, Kolkata"
1136617,47,33,2018,Sunrisers Hyderabad,Chennai Super Kings,"Wankhede Stadium, Mumbai"
1136616,29,33,2018,Punjab Kings,Chennai Super Kings,"Maharashtra Cricket Association Stadium, Pune"
1136615,46,57,2018,Delhi Capitals,Mumbai Indians,"Arun Jaitley Stadium, Delhi"
1136614,60,66,2018,Sunrisers Hyderabad,Kolkata Knight Riders,"Rajiv Gandhi International Stadium, Uppal"
1136613,45,55,2018,Rajasthan Royals,Royal Challengers Bangalore,Sawai Mansingh Stadium
1136612,39,44,2018,Delhi Capitals,Chennai Super Kings,"Arun Jaitley Stadium, Delhi"
1136611,44,56,2018,Royal Challengers Bangalore,Sunrisers Hyderabad,M Chinnaswamy Stadium
1136610,60,57,2018,Mumbai Indians,Punjab Kings,"Wankhede Stadium, Mumbai"
1136609,68,51,2018,Rajasthan Royals,Kolkata Knight Riders,"Eden Gardens, Kolkata"
1136608,47,66,2018,Punjab Kings,Royal Challengers Bangalore,Holkar Cricket Stadium
1136607,51,51,2018,Mumbai Indians,Rajasthan Royals,"Wankhede Stadium, Mumbai"
1136606,29,53,2018,Sunrisers Hyderabad,Chennai Super Kings,"Maharashtra Cricket Association Stadium, Pune"
1136605,44,58,2018,Delhi Capitals,Royal Challengers Bangalore,"Arun Jaitley Stadium, Delhi"
1136604,59,58,2018,Kolkata Knight Riders,Punjab Kings,Holkar Cricket Stadium
1136603,55,57,2018,Chennai Super Kings,Rajasthan Royals,Sawai Mansingh Stadium
1136602,38,51,2018,Delhi Capitals,Sunrisers Hyderabad,"Arun Jaitley Stadium, Delhi"
1136601,47,47,2018,Mumbai Indians,Kolkata Knight Riders,"Eden Gardens, Kolkata"
1136600,63,33,2018,Rajasthan Royals,Punjab Kings,Sawai Mansingh Stadium
1136599,38,55,2018,Sunrisers Hyderabad,Royal Challengers Bangalore,"Rajiv Gandhi International Stadium, Uppal"
1136598,45,34,2018,Rajasthan Royals,Punjab Kings,Holkar Cricket Stadium
1136597,56,47,2018,Mumbai Indians,Kolkata Knight Riders,"Wankhede Stadium, Mumbai"
1136596,60,61,2018,Delhi Capitals,Sunrisers Hyderabad,"Rajiv Gandhi International Stadium, Uppal"
1136595,47,42,2018,Royal Challengers Bangalore,Chennai Super Kings,"Maharashtra Cricket Association Stadium, Pune"
1136594,49,39,2018,Punjab Kings,Mumbai Indians,Holkar Cricket Stadium
1136593,57,56,2018,Chennai Super Kings,Kolkata Knight Riders,"Eden Gardens, Kolkata"
1136592,62,79,2018,Delhi Capitals,Rajasthan Royals,"Arun Jaitley Stadium, Delhi"
1136591,43,40,2018,Royal Challengers Bangalore,Mumbai Indians,M Chinnaswamy Stadium
1136590,56,59,2018,Chennai Super Kings,Delhi Capitals,"Maharashtra Cricket Association Stadium, Pune"
1136589,40,51,2018,Royal Challengers Bangalore,Kolkata Knight Riders,Sawai Mansingh Stadium
1136588,39,43,2018,Sunrisers Hyderabad,Rajasthan Royals,M Chinnaswamy Stadium
1136587,51,50,2018,Chennai Super Kings,Mumbai Indians,"Maharashtra Cricket Association Stadium, Pune"
1136586,57,51,2018,Delhi Capitals,Kolkata Knight Riders,"Arun Jaitley Stadium, Delhi"
1136585,37,44,2018,Sunrisers Hyderabad,Punjab Kings,"Rajiv Gandhi International Stadium, Uppal"
1136584,52,55,2018,Royal Challengers Bangalore,Chennai Super Kings,M Chinnaswamy Stadium
1136583,51,22,2018,Sunrisers Hyderabad,Mumbai Indians,"Wankhede Stadium, Mumbai"
1136582,51,48,2018,Punjab Kings,Delhi Capitals,"Arun Jaitley Stadium, Delhi"
1136581,43,43,2018,Mumbai Indians,Rajasthan Royals,Sawai Mansingh Stadium
1136580,27,40,2018,Chennai Super Kings,Sunrisers Hyderabad,"Rajiv Gandhi International Stadium, Uppal"
1136579,28,43,2018,Delhi Capitals,Royal Challengers Bangalore,M Chinnaswamy Stadium
1136578,50,73,2018,Kolkata Knight Riders,Punjab Kings,"Eden Gardens, Kolkata"
1136577,69,35,2018,Chennai Super Kings,Rajasthan Royals,"Maharashtra Cricket Association Stadium, Pune"
1136576,49,40,2018,Punjab Kings,Sunrisers Hyderabad,"Punjab Cricket Association IS Bindra Stadium, Mohali"
1136575,48,53,2018,Rajasthan Royals,Kolkata Knight Riders,Sawai Mansingh Stadium
1136574,60,55,2018,Mumbai Indians,Royal Challengers Bangalore,"Wankhede Stadium, Mumbai"
1136573,50,56,2018,Kolkata Knight Riders,Delhi Capitals,"Eden Gardens, Kolkata"
1136572,75,53,2018,Punjab Kings,Chennai Super Kings,"Punjab Cricket Association IS Bindra Stadium, Mohali"
1136571,52,64,2018,Rajasthan Royals,Royal Challengers Bangalore,M Chinnaswamy Stadium
1136570,49,46,2018,Kolkata Knight Riders,Sunrisers Hyderabad,"Eden Gardens, Kolkata"
1136569,84,53,2018,Mumbai Indians,Delhi Capitals,"Wankhede Stadium, Mumbai"
1136568,50,41,2018,Punjab Kings,Royal Challengers Bangalore,M Chinnaswamy Stadium
1136567,54,56,2018,Mumbai Indians,Sunrisers Hyderabad,"Rajiv Gandhi International Stadium, Uppal"
1136566,51,60,2018,Rajasthan Royals,Delhi Capitals,Sawai Mansingh Stadium
1136565,64,75,2018,Kolkata Knight Riders,Chennai Super Kings,"MA Chidambaram Stadium, Chepauk, Chennai"
1136564,48,57,2018,Rajasthan Royals,Sunrisers Hyderabad,"Rajiv Gandhi International Stadium, Uppal"
1136563,52,68,2018,Royal Challengers Bangalore,Kolkata Knight Riders,"Punjab Cricket Association IS Bindra Stadium, Mohali"
1136562,45,73,2018,Delhi Capitals,Punjab Kings,"Eden Gardens, Kolkata"
1136561,39,42,2018,Mumbai Indians,Chennai Super Kings,"Wankhede Stadium, Mumbai"
1082650,32,38,2017,Mumbai Indians,Pune Team,"Rajiv Gandhi International Stadium, Uppal"
1082649,25,36,2017,Kolkata Knight Riders,Mumbai Indians,M Chinnaswamy Stadium
1082648,30,48,2017,Sunrisers Hyderabad,Kolkata Knight Riders,M Chinnaswamy Stadium
1082647,33,42,2017,Pune Team,Mumbai Indians,"Wankhede Stadium, Mumbai"
1082646,37,42,2017,Royal Challengers Bangalore,Delhi Capitals,Feroz Shah Kotla
1082645,32,43,2017,Punjab Kings,Pune Team,"Maharashtra Cricket Association Stadium, Pune"
1082644,51,53,2017,Mumbai Indians,Kolkata Knight Riders,"Eden Gardens, Kolkata"
1082643,61,47,2017,Gujarat Titans,Sunrisers Hyderabad,Green Park
1082642,54,53,2017,Delhi Capitals,Pune Team,Feroz Shah Kotla
1082641,71,68,2017,Punjab Kings,Mumbai Indians,"Wankhede Stadium, Mumbai"
1082640,50,64,2017,Gujarat Titans,Delhi Capitals,Green Park
1082639,41,61,2017,Punjab Kings,Kolkata Knight Riders,"Punjab Cricket Association IS Bindra Stadium, Mohali"
1082638,36,43,2017,Mumbai Indians,Sunrisers Hyderabad,"Rajiv Gandhi International Stadium, Uppal"
1082637,44,58,2017,Punjab Kings,Gujarat Titans,M Chinnaswamy Stadium
1082636,40,105,2017,Royal Challengers Bangalore,Kolkata Knight Riders,"Punjab Cricket Association IS Bindra Stadium, Mohali"
1082635,60,35,2017,Mumbai Indians,Delhi Capitals,Feroz Shah Kotla
1082634,35,47,2017,Pune Team,Sunrisers Hyderabad,"Rajiv Gandhi International Stadium, Uppal"
1082633,35,46,2017,Punjab Kings,Royal Challengers Bangalore,M Chinnaswamy Stadium
1082632,58,63,2017,Gujarat Titans,Delhi Capitals,Feroz Shah Kotla
1082631,41,74,2017,Kolkata Knight Riders,Pune Team,"Eden Gardens, Kolkata"
1082630,66,62,2017,Sunrisers Hyderabad,Delhi Capitals,Feroz Shah Kotla
1082629,55,43,2017,Gujarat Titans,Pune Team,"Maharashtra Cricket Association Stadium, Pune"
1082628,52,55,2017,Royal Challengers Bangalore,Mumbai Indians,"Wankhede Stadium, Mumbai"
1082627,79,44,2017,Sunrisers Hyderabad,Kolkata Knight Riders,"Rajiv Gandhi International Stadium, Uppal"
1082626,25,50,2017,Delhi Capitals,Punjab Kings,"Punjab Cricket Association IS Bindra Stadium, Mohali"
1082625,48,61,2017,Gujarat Titans,Mumbai Indians,Saurashtra Cricket Association Stadium
1082624,43,39,2017,Pune Team,Royal Challengers Bangalore,"Maharashtra Cricket Association Stadium, Pune"
1082623,60,59,2017,Sunrisers Hyderabad,Punjab Kings,"Eden Gardens, Kolkata"
1082622,53,47,2017,Delhi Capitals,Kolkata Knight Riders,"Punjab Cricket Association IS Bindra Stadium, Mohali"
1082621,35,49,2017,Royal Challengers Bangalore,Gujarat Titans,M Chinnaswamy Stadium
1082620,57,45,2017,Pune Team,Kolkata Knight Riders,"Maharashtra Cricket Association Stadium, Pune"
1082618,48,44,2017,Pune Team,Mumbai Indians,"Wankhede Stadium, Mumbai"
1082617,65,39,2017,Kolkata Knight Riders,Royal Challengers Bangalore,"Eden Gardens, Kolkata"
1082616,50,50,2017,Punjab Kings,Gujarat Titans,Saurashtra Cricket Association Stadium
1082615,45,55,2017,Sunrisers Hyderabad,Pune Team,"Maharashtra Cricket Association Stadium, Pune"
1082614,48,23,2017,Mumbai Indians,Delhi Capitals,"Wankhede Stadium, Mumbai"
1082613,65,72,2017,Kolkata Knight Riders,Gujarat Titans,"Eden Gardens, Kolkata"
1082612,46,82,2017,Punjab Kings,Mumbai Indians,Holkar Cricket Stadium
1082611,39,56,2017,Sunrisers Hyderabad,Delhi Capitals,"Rajiv Gandhi International Stadium, Uppal"
1082610,45,57,2017,Royal Challengers Bangalore,Gujarat Titans,Saurashtra Cricket Association Stadium
1082609,29,51,2017,Sunrisers Hyderabad,Punjab Kings,Feroz Shah Kotla
1082608,53,49,2017,Delhi Capitals,Kolkata Knight Riders,"Rajiv Gandhi International Stadium, Uppal"
1082607,55,42,2017,Pune Team,Royal Challengers Bangalore,M Chinnaswamy Stadium
1082606,46,56,2017,Gujarat Titans,Mumbai Indians,"Wankhede Stadium, Mumbai"
1082605,49,40,2017,Delhi Capitals,Punjab Kings,Feroz Shah Kotla
1082604,40,45,2017,Kolkata Knight Riders,Sunrisers Hyderabad,"Eden Gardens, Kolkata"
1082603,64,61,2017,Pune Team,Gujarat Titans,Saurashtra Cricket Association Stadium
1082602,41,21,2017,Royal Challengers Bangalore,Mumbai Indians,M Chinnaswamy Stadium
1082601,57,76,2017,Punjab Kings,Kolkata Knight Riders,"Eden Gardens, Kolkata"
1082600,34,61,2017,Sunrisers Hyderabad,Mumbai Indians,"Wankhede Stadium, Mumbai"
1082599,62,50,2017,Delhi Capitals,Pune Team,"Maharashtra Cricket Association Stadium, Pune"
1082598,23,62,2017,Royal Challengers Bangalore,Punjab Kings,Holkar Cricket Stadium
1082597,59,49,2017,Kolkata Knight Riders,Mumbai Indians,"Wankhede Stadium, Mumbai"
1082596,40,59,2017,Gujarat Titans,Sunrisers Hyderabad,"Rajiv Gandhi International Stadium, Uppal"
1082595,41,43,2017,Royal Challengers Bangalore,Delhi Capitals,M Chinnaswamy Stadium
1082594,35,56,2017,Pune Team,Punjab Kings,Holkar Cricket Stadium
1082593,52,73,2017,Gujarat Titans,Kolkata Knight Riders,Saurashtra Cricket Association Stadium
1082592,61,59,2017,Mumbai Indians,Pune Team,"Maharashtra Cricket Association Stadium, Pune"
1082591,59,54,2017,Sunrisers Hyderabad,Royal Challengers Bangalore,"Rajiv Gandhi International Stadium, Uppal"
981019,59,59,2016,Sunrisers Hyderabad,Royal Challengers Bangalore,M Chinnaswamy Stadium
981017,38,46,2016,Gujarat Titans,Sunrisers Hyderabad,Feroz Shah Kotla
981015,43,46,2016,Sunrisers Hyderabad,Kolkata Knight Riders,Feroz Shah Kotla
981013,23,31,2016,Gujarat Titans,Royal Challengers Bangalore,M Chinnaswamy Stadium
981011,43,49,2016,Delhi Capitals,Royal Challengers Bangalore,Shaheed Veer Narayan Singh International Stadium
981009,48,48,2016,Kolkata Knight Riders,Sunrisers Hyderabad,"Eden Gardens, Kolkata"
981007,49,70,2016,Mumbai Indians,Gujarat Titans,Green Park
981005,52,44,2016,Punjab Kings,Pune Team,Dr. Y.S. Rajasekhara Reddy ACA-VDCA Cricket Stadium
981003,46,37,2016,Sunrisers Hyderabad,Delhi Capitals,Shaheed Veer Narayan Singh International Stadium
981001,44,55,2016,Kolkata Knight Riders,Gujarat Titans,Green Park
980999,63,59,2016,Royal Challengers Bangalore,Punjab Kings,M Chinnaswamy Stadium
980997,28,44,2016,Delhi Capitals,Pune Team,Dr. Y.S. Rajasekhara Reddy ACA-VDCA Cricket Stadium
980995,51,63,2016,Kolkata Knight Riders,Royal Challengers Bangalore,"Eden Gardens, Kolkata"
980993,45,49,2016,Mumbai Indians,Delhi Capitals,"Punjab Cricket Association IS Bindra Stadium, Mohali"
980991,47,55,2016,Punjab Kings,Sunrisers Hyderabad,Dr. Y.S. Rajasekhara Reddy ACA-VDCA Cricket Stadium
980989,37,66,2016,Pune Team,Kolkata Knight Riders,M Chinnaswamy Stadium
980987,42,41,2016,Royal Challengers Bangalore,Gujarat Titans,"Eden Gardens, Kolkata"
980985,21,32,2016,Mumbai Indians,Punjab Kings,Dr. Y.S. Rajasekhara Reddy ACA-VDCA Cricket Stadium
980983,51,50,2016,Sunrisers Hyderabad,Delhi Capitals,"Rajiv Gandhi International Stadium, Uppal"
980981,25,39,2016,Royal Challengers Bangalore,Mumbai Indians,M Chinnaswamy Stadium
980979,34,25,2016,Sunrisers Hyderabad,Pune Team,Dr. Y.S. Rajasekhara Reddy ACA-VDCA Cricket Stadium
980977,56,50,2016,Royal Challengers Bangalore,Punjab Kings,"Punjab Cricket Association IS Bindra Stadium, Mohali"
980975,28,46,2016,Kolkata Knight Riders,Gujarat Titans,"Eden Gardens, Kolkata"
980973,51,32,2016,Sunrisers Hyderabad,Mumbai Indians,Dr. Y.S. Rajasekhara Reddy ACA-VDCA Cricket Stadium
980971,45,51,2016,Punjab Kings,Delhi Capitals,"Punjab Cricket Association IS Bindra Stadium, Mohali"
980969,60,46,2016,Pune Team,Royal Challengers Bangalore,M Chinnaswamy Stadium
980967,26,38,2016,Gujarat Titans,Sunrisers Hyderabad,"Rajiv Gandhi International Stadium, Uppal"
980965,48,50,2016,Delhi Capitals,Pune Team,Feroz Shah Kotla
980963,40,37,2016,Kolkata Knight Riders,Punjab Kings,"Eden Gardens, Kolkata"
980961,35,61,2016,Gujarat Titans,Delhi Capitals,Saurashtra Cricket Association Stadium
980959,40,37,2016,Royal Challengers Bangalore,Kolkata Knight Riders,M Chinnaswamy Stadium
980957,54,47,2016,Pune Team,Mumbai Indians,Saurashtra Cricket Association Stadium
980955,59,36,2016,Punjab Kings,Gujarat Titans,"Maharashtra Cricket Association Stadium, Pune"
980953,49,45,2016,Sunrisers Hyderabad,Royal Challengers Bangalore,Feroz Shah Kotla
980951,37,43,2016,Delhi Capitals,Kolkata Knight Riders,"Rajiv Gandhi International Stadium, Uppal"
980949,48,72,2016,Pune Team,Gujarat Titans,"Maharashtra Cricket Association Stadium, Pune"
980947,59,64,2016,Kolkata Knight Riders,Mumbai Indians,"Wankhede Stadium, Mumbai"
980945,71,22,2016,Gujarat Titans,Delhi Capitals,Feroz Shah Kotla
980943,27,46,2016,Sunrisers Hyderabad,Pune Team,"Rajiv Gandhi International Stadium, Uppal"
980941,39,40,2016,Mumbai Indians,Punjab Kings,"Punjab Cricket Association IS Bindra Stadium, Mohali"
980939,31,59,2016,Pune Team,Kolkata Knight Riders,"Maharashtra Cricket Association Stadium, Pune"
980937,50,72,2016,Royal Challengers Bangalore,Gujarat Titans,Saurashtra Cricket Association Stadium
980935,35,65,2016,Punjab Kings,Sunrisers Hyderabad,"Rajiv Gandhi International Stadium, Uppal"
980933,41,52,2016,Delhi Capitals,Mumbai Indians,Feroz Shah Kotla
980931,48,36,2016,Royal Challengers Bangalore,Pune Team,"Maharashtra Cricket Association Stadium, Pune"
980929,50,63,2016,Gujarat Titans,Sunrisers Hyderabad,Saurashtra Cricket Association Stadium
980927,49,51,2016,Royal Challengers Bangalore,Mumbai Indians,"Wankhede Stadium, Mumbai"
980925,41,65,2016,Punjab Kings,Kolkata Knight Riders,"Punjab Cricket Association IS Bindra Stadium, Mohali"
980923,40,33,2016,Mumbai Indians,Sunrisers Hyderabad,"Rajiv Gandhi International Stadium, Uppal"
980921,63,51,2016,Royal Challengers Bangalore,Delhi Capitals,M Chinnaswamy Stadium
980919,49,50,2016,Pune Team,Punjab Kings,"Punjab Cricket Association IS Bindra Stadium, Mohali"
980917,31,42,2016,Mumbai Indians,Gujarat Titans,"Wankhede Stadium, Mumbai"
980915,36,36,2016,Sunrisers Hyderabad,Kolkata Knight Riders,"Rajiv Gandhi International Stadium, Uppal"
980913,37,28,2016,Punjab Kings,Delhi Capitals,Feroz Shah Kotla
980911,57,62,2016,Pune Team,Gujarat Titans,Saurashtra Cricket Association Stadium
980909,40,53,2016,Kolkata Knight Riders,Mumbai Indians,"Eden Gardens, Kolkata"
980907,49,56,2016,Royal Challengers Bangalore,Sunrisers Hyderabad,M Chinnaswamy Stadium
980905,52,57,2016,Punjab Kings,Gujarat Titans,"Punjab Cricket Association IS Bindra Stadium, Mohali"
980903,35,47,2016,Delhi Capitals,Kolkata Knight Riders,"Eden Gardens, Kolkata"
980901,37,57,2016,Mumbai Indians,Pune Team,"Wankhede Stadium, Mumbai"
829823,61,31,2015,Mumbai Indians,Chennai Super Kings,"Eden Gardens, Kolkata"
829821,29,34,2015,Royal Challengers Bangalore,Chennai Super Kings,JSCA International Stadium Complex
829819,41,40,2015,Royal Challengers Bangalore,Rajasthan Royals,"Maharashtra Cricket Association Stadium, Pune"
829817,48,54,2015,Mumbai Indians,Chennai Super Kings,"Wankhede Stadium, Mumbai"
829815,29,38,2015,Sunrisers Hyderabad,Mumbai Indians,M Chinnaswamy Stadium
829813,54,2,2015,Delhi Capitals,Royal Challengers Bangalore,"Rajiv Gandhi International Stadium, Uppal"
829811,66,53,2015,Rajasthan Royals,Kolkata Knight Riders,"Brabourne Stadium, Mumbai"
829809,41,47,2015,Punjab Kings,Chennai Super Kings,"Punjab Cricket Association Stadium, Mohali"
829807,68,83,2015,Sunrisers Hyderabad,Royal Challengers Bangalore,"Rajiv Gandhi International Stadium, Uppal"
829805,46,50,2015,Mumbai Indians,Kolkata Knight Riders,"Wankhede Stadium, Mumbai"
829803,72,61,2015,Punjab Kings,Royal Challengers Bangalore,"Punjab Cricket Association Stadium, Mohali"
829801,16,28,2015,Chennai Super Kings,Delhi Capitals,Shaheed Veer Narayan Singh International Stadium
829799,56,47,2015,Sunrisers Hyderabad,Punjab Kings,"Rajiv Gandhi International Stadium, Uppal"
829797,36,40,2015,Chennai Super Kings,Rajasthan Royals,"MA Chidambaram Stadium, Chepauk, Chennai"
829795,39,45,2015,Royal Challengers Bangalore,Mumbai Indians,"Wankhede Stadium, Mumbai"
829793,41,49,2015,Sunrisers Hyderabad,Delhi Capitals,Shaheed Veer Narayan Singh International Stadium
829791,45,57,2015,Punjab Kings,Kolkata Knight Riders,"Eden Gardens, Kolkata"
829789,44,61,2015,Chennai Super Kings,Mumbai Indians,"MA Chidambaram Stadium, Chepauk, Chennai"
829787,56,36,2015,Sunrisers Hyderabad,Rajasthan Royals,"Brabourne Stadium, Mumbai"
829785,68,34,2015,Royal Challengers Bangalore,Punjab Kings,"Eden Gardens, Kolkata"
829783,44,41,2015,Delhi Capitals,Mumbai Indians,M Chinnaswamy Stadium
829781,55,33,2015,Kolkata Knight Riders,Sunrisers Hyderabad,"Wankhede Stadium, Mumbai"
829779,37,42,2015,Chennai Super Kings,Royal Challengers Bangalore,"Eden Gardens, Kolkata"
829777,43,55,2015,Rajasthan Royals,Delhi Capitals,"MA Chidambaram Stadium, Chepauk, Chennai"
829775,51,45,2015,Mumbai Indians,Punjab Kings,"Punjab Cricket Association Stadium, Mohali"
829773,76,54,2015,Sunrisers Hyderabad,Chennai Super Kings,"Brabourne Stadium, Mumbai"
829771,61,62,2015,Kolkata Knight Riders,Royal Challengers Bangalore,M Chinnaswamy Stadium
829769,47,55,2015,Mumbai Indians,Rajasthan Royals,"Rajiv Gandhi International Stadium, Uppal"
829767,27,41,2015,Punjab Kings,Delhi Capitals,"Wankhede Stadium, Mumbai"
829765,53,54,2015,Chennai Super Kings,Kolkata Knight Riders,Feroz Shah Kotla
829761,50,36,2015,Kolkata Knight Riders,Delhi Capitals,M Chinnaswamy Stadium
829759,56,36,2015,Sunrisers Hyderabad,Punjab Kings,"MA Chidambaram Stadium, Chepauk, Chennai"
829757,38,50,2015,Delhi Capitals,Royal Challengers Bangalore,"Punjab Cricket Association Stadium, Mohali"
829753,54,39,2015,Chennai Super Kings,Punjab Kings,Feroz Shah Kotla
829751,46,52,2015,Mumbai Indians,Sunrisers Hyderabad,"MA Chidambaram Stadium, Chepauk, Chennai"
829749,48,49,2015,Rajasthan Royals,Royal Challengers Bangalore,"Wankhede Stadium, Mumbai"
829747,45,48,2015,Delhi Capitals,Mumbai Indians,"Sardar Patel Stadium, Motera"
829745,45,38,2015,Chennai Super Kings,Royal Challengers Bangalore,Feroz Shah Kotla
829743,43,49,2015,Sunrisers Hyderabad,Kolkata Knight Riders,Dr. Y.S. Rajasekhara Reddy ACA-VDCA Cricket Stadium
829741,43,40,2015,Rajasthan Royals,Punjab Kings,M Chinnaswamy Stadium
829739,34,48,2015,Delhi Capitals,Kolkata Knight Riders,"Sardar Patel Stadium, Motera"
829737,48,33,2015,Mumbai Indians,Royal Challengers Bangalore,Feroz Shah Kotla
829735,39,47,2015,Chennai Super Kings,Rajasthan Royals,"Sardar Patel Stadium, Motera"
829733,48,53,2015,Punjab Kings,Kolkata Knight Riders,M Chinnaswamy Stadium
829731,40,50,2015,Delhi Capitals,Sunrisers Hyderabad,Dr. Y.S. Rajasekhara Reddy ACA-VDCA Cricket Stadium
829729,31,90,2015,Mumbai Indians,Chennai Super Kings,"Maharashtra Cricket Association Stadium, Pune"
829727,35,36,2015,Sunrisers Hyderabad,Rajasthan Royals,"Wankhede Stadium, Mumbai"
829725,41,47,2015,Punjab Kings,Delhi Capitals,Dr. Y.S. Rajasekhara Reddy ACA-VDCA Cricket Stadium
829723,69,38,2015,Chennai Super Kings,Kolkata Knight Riders,"Maharashtra Cricket Association Stadium, Pune"
829721,31,42,2015,Mumbai Indians,Rajasthan Royals,"Sardar Patel Stadium, Motera"
829719,47,65,2015,Royal Challengers Bangalore,Sunrisers Hyderabad,M Chinnaswamy Stadium
829717,57,17,2015,Punjab Kings,Mumbai Indians,"Wankhede Stadium, Mumbai"
829715,51,42,2015,Delhi Capitals,Rajasthan Royals,Feroz Shah Kotla
829713,53,41,2015,Kolkata Knight Riders,Royal Challengers Bangalore,"Eden Gardens, Kolkata"
829711,49,46,2015,Chennai Super Kings,Sunrisers Hyderabad,"MA Chidambaram Stadium, Chepauk, Chennai"
829709,35,51,2015,Rajasthan Royals,Punjab Kings,"Maharashtra Cricket Association Stadium, Pune"
829707,59,40,2015,Chennai Super Kings,Delhi Capitals,"MA Chidambaram Stadium, Chepauk, Chennai"
829705,37,38,2015,Mumbai Indians,Kolkata Knight Riders,"Eden Gardens, Kolkata"
734049,32,59,2014,Punjab Kings,Kolkata Knight Riders,M Chinnaswamy Stadium
734047,70,100,2014,Punjab Kings,Chennai Super Kings,"Wankhede Stadium, Mumbai"
734045,53,60,2014,Mumbai Indians,Chennai Super Kings,"Brabourne Stadium, Mumbai"
734043,55,46,2014,Kolkata Knight Riders,Punjab Kings,"Eden Gardens, Kolkata"
734041,35,71,2014,Rajasthan Royals,Mumbai Indians,"Wankhede Stadium, Mumbai"
734039,44,48,2014,Delhi Capitals,Punjab Kings,"Punjab Cricket Association Stadium, Mohali"
734037,49,49,2014,Sunrisers Hyderabad,Kolkata Knight Riders,M Chinnaswamy Stadium
734035,34,64,2014,Royal Challengers Bangalore,Chennai Super Kings,"Eden Gardens, Kolkata"
734033,53,44,2014,Punjab Kings,Rajasthan Royals,"Wankhede Stadium, Mumbai"
734031,65,47,2014,Mumbai Indians,Delhi Capitals,"Punjab Cricket Association Stadium, Mohali"
734029,60,64,2014,Chennai Super Kings,Sunrisers Hyderabad,"Eden Gardens, Kolkata"
734027,45,36,2014,Kolkata Knight Riders,Royal Challengers Bangalore,JSCA International Stadium Complex
734025,48,62,2014,Punjab Kings,Mumbai Indians,"Punjab Cricket Association Stadium, Mohali"
734023,35,52,2014,Chennai Super Kings,Kolkata Knight Riders,"Eden Gardens, Kolkata"
734021,25,51,2014,Royal Challengers Bangalore,Sunrisers Hyderabad,"Rajiv Gandhi International Stadium, Uppal"
734019,55,66,2014,Delhi Capitals,Punjab Kings,Feroz Shah Kotla
734017,42,47,2014,Mumbai Indians,Rajasthan Royals,"Sardar Patel Stadium, Motera"
734015,41,30,2014,Sunrisers Hyderabad,Kolkata Knight Riders,JSCA International Stadium Complex
734013,39,17,2014,Chennai Super Kings,Royal Challengers Bangalore,"Rajiv Gandhi International Stadium, Uppal"
734011,52,34,2014,Rajasthan Royals,Delhi Capitals,"Sardar Patel Stadium, Motera"
734009,37,45,2014,Mumbai Indians,Kolkata Knight Riders,Barabati Stadium
734007,55,86,2014,Sunrisers Hyderabad,Punjab Kings,"Rajiv Gandhi International Stadium, Uppal"
734005,34,46,2014,Royal Challengers Bangalore,Delhi Capitals,M Chinnaswamy Stadium
734003,42,48,2014,Rajasthan Royals,Chennai Super Kings,JSCA International Stadium Complex
734001,43,38,2014,Sunrisers Hyderabad,Mumbai Indians,"Rajiv Gandhi International Stadium, Uppal"
733999,31,45,2014,Royal Challengers Bangalore,Rajasthan Royals,Barabati Stadium
733997,49,55,2014,Punjab Kings,Kolkata Knight Riders,M Chinnaswamy Stadium
733995,42,38,2014,Mumbai Indians,Chennai Super Kings,"Wankhede Stadium, Mumbai"
733993,52,44,2014,Delhi Capitals,Sunrisers Hyderabad,Feroz Shah Kotla
733991,64,34,2014,Punjab Kings,Royal Challengers Bangalore,M Chinnaswamy Stadium
733989,50,37,2014,Sunrisers Hyderabad,Rajasthan Royals,"Sardar Patel Stadium, Motera"
733987,38,46,2014,Punjab Kings,Chennai Super Kings,Feroz Shah Kotla
733985,29,52,2014,Delhi Capitals,Kolkata Knight Riders,Barabati Stadium
733983,50,64,2014,Mumbai Indians,Royal Challengers Bangalore,"Wankhede Stadium, Mumbai"
733981,46,49,2014,Delhi Capitals,Chennai Super Kings,Feroz Shah Kotla
733979,50,50,2014,Rajasthan Royals,Kolkata Knight Riders,"Sardar Patel Stadium, Motera"
733977,47,36,2014,Sunrisers Hyderabad,Royal Challengers Bangalore,M Chinnaswamy Stadium
733975,46,38,2014,Delhi Capitals,Rajasthan Royals,Feroz Shah Kotla
733973,36,49,2014,Punjab Kings,Mumbai Indians,"Wankhede Stadium, Mumbai"
733971,43,39,2014,Chennai Super Kings,Kolkata Knight Riders,JSCA International Stadium Complex
729317,44,32,2014,Sunrisers Hyderabad,Mumbai Indians,Dubai International Cricket Stadium
729315,45,33,2014,Rajasthan Royals,Kolkata Knight Riders,Sheikh Zayed Stadium
729313,44,33,2014,Royal Challengers Bangalore,Punjab Kings,Dubai International Cricket Stadium
729311,37,47,2014,Sunrisers Hyderabad,Chennai Super Kings,Sharjah Cricket Stadium
729309,37,31,2014,Mumbai Indians,Delhi Capitals,Sharjah Cricket Stadium
729307,51,24,2014,Punjab Kings,Kolkata Knight Riders,Sheikh Zayed Stadium
729305,22,36,2014,Royal Challengers Bangalore,Rajasthan Royals,Sheikh Zayed Stadium
729303,31,51,2014,Mumbai Indians,Chennai Super Kings,Dubai International Cricket Stadium
729301,55,44,2014,Sunrisers Hyderabad,Delhi Capitals,Dubai International Cricket Stadium
729299,42,49,2014,Kolkata Knight Riders,Royal Challengers Bangalore,Sharjah Cricket Stadium
729297,51,38,2014,Chennai Super Kings,Rajasthan Royals,Dubai International Cricket Stadium
729295,43,45,2014,Punjab Kings,Sunrisers Hyderabad,Sharjah Cricket Stadium
729293,34,24,2014,Chennai Super Kings,Delhi Capitals,Sheikh Zayed Stadium
729291,54,39,2014,Rajasthan Royals,Punjab Kings,Sharjah Cricket Stadium
729289,31,49,2014,Kolkata Knight Riders,Delhi Capitals,Dubai International Cricket Stadium
729287,49,30,2014,Mumbai Indians,Royal Challengers Bangalore,Dubai International Cricket Stadium
729285,41,30,2014,Sunrisers Hyderabad,Rajasthan Royals,Sheikh Zayed Stadium
729283,70,64,2014,Chennai Super Kings,Punjab Kings,Sheikh Zayed Stadium
729281,30,50,2014,Delhi Capitals,Royal Challengers Bangalore,Sharjah Cricket Stadium
729279,31,32,2014,Kolkata Knight Riders,Mumbai Indians,Sheikh Zayed Stadium
598073,34,35,2013,Mumbai Indians,Chennai Super Kings,"Eden Gardens, Kolkata"
598072,42,45,2013,Rajasthan Royals,Mumbai Indians,"Eden Gardens, Kolkata"
598071,27,44,2013,Sunrisers Hyderabad,Rajasthan Royals,Feroz Shah Kotla
598070,47,56,2013,Chennai Super Kings,Mumbai Indians,Feroz Shah Kotla
598069,33,45,2013,Kolkata Knight Riders,Sunrisers Hyderabad,"Rajiv Gandhi International Stadium, Uppal"
598068,76,56,2013,Royal Challengers Bangalore,Chennai Super Kings,Subrata Roy Sahara Stadium
598067,40,47,2013,Pune Team,Delhi Capitals,M Chinnaswamy Stadium
598066,35,51,2013,Punjab Kings,Mumbai Indians,Himachal Pradesh Cricket Association Stadium
598065,21,33,2013,Sunrisers Hyderabad,Rajasthan Royals,"Rajiv Gandhi International Stadium, Uppal"
598064,58,41,2013,Royal Challengers Bangalore,Punjab Kings,Himachal Pradesh Cricket Association Stadium
598063,49,29,2013,Mumbai Indians,Rajasthan Royals,"Wankhede Stadium, Mumbai"
598062,47,49,2013,Chennai Super Kings,Delhi Capitals,JSCA International Stadium Complex
598061,42,33,2013,Pune Team,Kolkata Knight Riders,"MA Chidambaram Stadium, Chepauk, Chennai"
598060,52,39,2013,Sunrisers Hyderabad,Mumbai Indians,M Chinnaswamy Stadium
598059,40,56,2013,Delhi Capitals,Punjab Kings,"Wankhede Stadium, Mumbai"
598058,37,24,2013,Chennai Super Kings,Rajasthan Royals,Sawai Mansingh Stadium
598057,22,31,2013,Royal Challengers Bangalore,Kolkata Knight Riders,JSCA International Stadium Complex
598056,37,41,2013,Sunrisers Hyderabad,Punjab Kings,"Punjab Cricket Association Stadium, Mohali"
598055,36,37,2013,Pune Team,Mumbai Indians,Subrata Roy Sahara Stadium
598054,40,49,2013,Royal Challengers Bangalore,Delhi Capitals,Feroz Shah Kotla
598053,50,34,2013,Kolkata Knight Riders,Pune Team,Subrata Roy Sahara Stadium
598052,37,38,2013,Punjab Kings,Rajasthan Royals,"Punjab Cricket Association Stadium, Mohali"
598051,50,49,2013,Chennai Super Kings,Sunrisers Hyderabad,"Rajiv Gandhi International Stadium, Uppal"
598050,41,38,2013,Mumbai Indians,Kolkata Knight Riders,Sawai Mansingh Stadium
598049,42,49,2013,Delhi Capitals,Rajasthan Royals,"Wankhede Stadium, Mumbai"
598048,40,47,2013,Sunrisers Hyderabad,Royal Challengers Bangalore,"Punjab Cricket Association Stadium, Mohali"
598047,61,53,2013,Pune Team,Rajasthan Royals,Sawai Mansingh Stadium
598046,32,32,2013,Mumbai Indians,Chennai Super Kings,"Wankhede Stadium, Mumbai"
598045,31,46,2013,Royal Challengers Bangalore,Punjab Kings,"Rajiv Gandhi International Stadium, Uppal"
598044,26,41,2013,Delhi Capitals,Sunrisers Hyderabad,"Eden Gardens, Kolkata"
598043,34,48,2013,Rajasthan Royals,Kolkata Knight Riders,Subrata Roy Sahara Stadium
598042,30,39,2013,Royal Challengers Bangalore,Pune Team,"MA Chidambaram Stadium, Chepauk, Chennai"
598041,36,36,2013,Chennai Super Kings,Punjab Kings,Shaheed Veer Narayan Singh International Stadium
598040,37,34,2013,Kolkata Knight Riders,Delhi Capitals,"Rajiv Gandhi International Stadium, Uppal"
598039,41,36,2013,Mumbai Indians,Sunrisers Hyderabad,Subrata Roy Sahara Stadium
598038,29,46,2013,Chennai Super Kings,Pune Team,"Wankhede Stadium, Mumbai"
598037,36,55,2013,Mumbai Indians,Punjab Kings,Sawai Mansingh Stadium
598036,55,45,2013,Royal Challengers Bangalore,Rajasthan Royals,"MA Chidambaram Stadium, Chepauk, Chennai"
598035,37,43,2013,Delhi Capitals,Pune Team,Shaheed Veer Narayan Singh International Stadium
598034,67,63,2013,Chennai Super Kings,Kolkata Knight Riders,"Wankhede Stadium, Mumbai"
598033,52,35,2013,Mumbai Indians,Royal Challengers Bangalore,Sawai Mansingh Stadium
598032,29,30,2013,Sunrisers Hyderabad,Rajasthan Royals,"Eden Gardens, Kolkata"
598031,45,45,2013,Punjab Kings,Kolkata Knight Riders,"MA Chidambaram Stadium, Chepauk, Chennai"
598030,40,58,2013,Sunrisers Hyderabad,Chennai Super Kings,"Eden Gardens, Kolkata"
598029,61,42,2013,Kolkata Knight Riders,Mumbai Indians,Feroz Shah Kotla
598028,53,21,2013,Punjab Kings,Delhi Capitals,M Chinnaswamy Stadium
598027,62,43,2013,Royal Challengers Bangalore,Pune Team,"MA Chidambaram Stadium, Chepauk, Chennai"
598026,55,58,2013,Rajasthan Royals,Chennai Super Kings,"Punjab Cricket Association Stadium, Mohali"
598025,48,55,2013,Pune Team,Punjab Kings,Feroz Shah Kotla
598024,24,60,2013,Mumbai Indians,Delhi Capitals,M Chinnaswamy Stadium
598023,31,48,2013,Rajasthan Royals,Royal Challengers Bangalore,"Eden Gardens, Kolkata"
598022,47,27,2013,Kolkata Knight Riders,Chennai Super Kings,"Rajiv Gandhi International Stadium, Uppal"
598021,36,33,2013,Punjab Kings,Sunrisers Hyderabad,Feroz Shah Kotla
598020,39,32,2013,Chennai Super Kings,Delhi Capitals,Sawai Mansingh Stadium
598019,58,26,2013,Rajasthan Royals,Mumbai Indians,"Maharashtra Cricket Association Stadium, Pune"
598018,25,41,2013,Sunrisers Hyderabad,Pune Team,"Punjab Cricket Association Stadium, Mohali"
598017,43,48,2013,Delhi Capitals,Royal Challengers Bangalore,M Chinnaswamy Stadium
598016,35,45,2013,Punjab Kings,Kolkata Knight Riders,"MA Chidambaram Stadium, Chepauk, Chennai"
598015,48,38,2013,Pune Team,Chennai Super Kings,Sawai Mansingh Stadium
598014,34,48,2013,Punjab Kings,Rajasthan Royals,"Eden Gardens, Kolkata"
598013,48,39,2013,Kolkata Knight Riders,Sunrisers Hyderabad,"MA Chidambaram Stadium, Chepauk, Chennai"
598012,33,31,2013,Royal Challengers Bangalore,Chennai Super Kings,"Wankhede Stadium, Mumbai"
598011,48,40,2013,Mumbai Indians,Pune Team,Feroz Shah Kotla
598010,29,38,2013,Delhi Capitals,Sunrisers Hyderabad,Subrata Roy Sahara Stadium
598009,44,64,2013,Rajasthan Royals,Pune Team,M Chinnaswamy Stadium
598008,44,43,2013,Kolkata Knight Riders,Royal Challengers Bangalore,"Punjab Cricket Association Stadium, Mohali"
598007,43,38,2013,Punjab Kings,Chennai Super Kings,M Chinnaswamy Stadium
598006,38,46,2013,Mumbai Indians,Delhi Capitals,"Wankhede Stadium, Mumbai"
598005,35,40,2013,Rajasthan Royals,Kolkata Knight Riders,Sawai Mansingh Stadium
598004,40,37,2013,Royal Challengers Bangalore,Sunrisers Hyderabad,"Rajiv Gandhi International Stadium, Uppal"
598003,24,56,2013,Pune Team,Punjab Kings,Subrata Roy Sahara Stadium
598002,41,36,2013,Mumbai Indians,Chennai Super Kings,"MA Chidambaram Stadium, Chepauk, Chennai"
598001,45,39,2013,Rajasthan Royals,Delhi Capitals,Feroz Shah Kotla
598000,38,27,2013,Sunrisers Hyderabad,Pune Team,"Rajiv Gandhi International Stadium, Uppal"
597999,31,38,2013,Royal Challengers Bangalore,Mumbai Indians,M Chinnaswamy Stadium
597998,45,46,2013,Delhi Capitals,Kolkata Knight Riders,"Eden Gardens, Kolkata"
548381,54,56,2012,Chennai Super Kings,Kolkata Knight Riders,"MA Chidambaram Stadium, Chepauk, Chennai"
548380,52,46,2012,Chennai Super Kings,Delhi Capitals,"MA Chidambaram Stadium, Chepauk, Chennai"
548379,30,54,2012,Chennai Super Kings,Mumbai Indians,M Chinnaswamy Stadium
548378,48,49,2012,Kolkata Knight Riders,Delhi Capitals,Subrata Roy Sahara Stadium
548377,31,44,2012,Rajasthan Royals,Mumbai Indians,Sawai Mansingh Stadium
548376,23,40,2012,Deccan Chargers,Royal Challengers Bangalore,"Rajiv Gandhi International Stadium, Uppal"
548375,27,40,2012,Kolkata Knight Riders,Pune Team,Subrata Roy Sahara Stadium
548374,20,44,2012,Punjab Kings,Delhi Capitals,Himachal Pradesh Cricket Association Stadium
548373,41,58,2012,Rajasthan Royals,Deccan Chargers,"Rajiv Gandhi International Stadium, Uppal"
548372,42,51,2012,Royal Challengers Bangalore,Delhi Capitals,Himachal Pradesh Cricket Association Stadium
548371,25,43,2012,Chennai Super Kings,Punjab Kings,Feroz Shah Kotla
548370,32,26,2012,Kolkata Knight Riders,Mumbai Indians,"Wankhede Stadium, Mumbai"
548369,47,37,2012,Punjab Kings,Delhi Capitals,Feroz Shah Kotla
548368,50,51,2012,Kolkata Knight Riders,Chennai Super Kings,"Eden Gardens, Kolkata"
548367,40,32,2012,Royal Challengers Bangalore,Mumbai Indians,M Chinnaswamy Stadium
548366,47,44,2012,Deccan Chargers,Punjab Kings,"Punjab Cricket Association Stadium, Mohali"
548365,45,33,2012,Rajasthan Royals,Pune Team,Sawai Mansingh Stadium
548364,27,45,2012,Delhi Capitals,Chennai Super Kings,"MA Chidambaram Stadium, Chepauk, Chennai"
548363,49,32,2012,Mumbai Indians,Kolkata Knight Riders,"Eden Gardens, Kolkata"
548362,66,50,2012,Royal Challengers Bangalore,Pune Team,Subrata Roy Sahara Stadium
548361,28,36,2012,Rajasthan Royals,Chennai Super Kings,Sawai Mansingh Stadium
548360,25,35,2012,Mumbai Indians,Royal Challengers Bangalore,"Rajiv Gandhi International Stadium, Uppal"
548359,51,40,2012,Punjab Kings,Deccan Chargers,"Wankhede Stadium, Mumbai"
548358,35,49,2012,Pune Team,Rajasthan Royals,"Rajiv Gandhi International Stadium, Uppal"
548357,50,60,2012,Delhi Capitals,Kolkata Knight Riders,Subrata Roy Sahara Stadium
548356,46,46,2012,Deccan Chargers,Royal Challengers Bangalore,Feroz Shah Kotla
548355,52,46,2012,Chennai Super Kings,Mumbai Indians,M Chinnaswamy Stadium
548354,64,33,2012,Rajasthan Royals,Punjab Kings,"Wankhede Stadium, Mumbai"
548353,68,45,2012,Kolkata Knight Riders,Pune Team,"Punjab Cricket Association Stadium, Mohali"
548352,56,47,2012,Chennai Super Kings,Deccan Chargers,"Eden Gardens, Kolkata"
548351,42,37,2012,Mumbai Indians,Pune Team,"MA Chidambaram Stadium, Chepauk, Chennai"
548350,33,53,2012,Royal Challengers Bangalore,Punjab Kings,Subrata Roy Sahara Stadium
548349,56,61,2012,Rajasthan Royals,Delhi Capitals,M Chinnaswamy Stadium
548348,33,48,2012,Deccan Chargers,Pune Team,Sawai Mansingh Stadium
548347,43,37,2012,Chennai Super Kings,Kolkata Knight Riders,Barabati Stadium
548346,38,31,2012,Deccan Chargers,Mumbai Indians,"MA Chidambaram Stadium, Chepauk, Chennai"
548345,42,40,2012,Delhi Capitals,Rajasthan Royals,"Wankhede Stadium, Mumbai"
548344,46,35,2012,Kolkata Knight Riders,Royal Challengers Bangalore,Feroz Shah Kotla
548343,43,48,2012,Punjab Kings,Chennai Super Kings,"Eden Gardens, Kolkata"
548342,54,49,2012,Delhi Capitals,Mumbai Indians,"MA Chidambaram Stadium, Chepauk, Chennai"
548341,50,44,2012,Deccan Chargers,Pune Team,Feroz Shah Kotla
548339,44,40,2012,Punjab Kings,Mumbai Indians,Subrata Roy Sahara Stadium
548337,28,61,2012,Pune Team,Delhi Capitals,"Punjab Cricket Association Stadium, Mohali"
548336,37,48,2012,Royal Challengers Bangalore,Rajasthan Royals,Subrata Roy Sahara Stadium
548335,39,42,2012,Deccan Chargers,Kolkata Knight Riders,Sawai Mansingh Stadium
548334,39,48,2012,Mumbai Indians,Punjab Kings,"Wankhede Stadium, Mumbai"
548333,52,49,2012,Pune Team,Delhi Capitals,Barabati Stadium
548332,41,45,2012,Rajasthan Royals,Chennai Super Kings,Feroz Shah Kotla
548331,41,36,2012,Punjab Kings,Royal Challengers Bangalore,"MA Chidambaram Stadium, Chepauk, Chennai"
548330,42,53,2012,Chennai Super Kings,Pune Team,"Punjab Cricket Association Stadium, Mohali"
548329,33,64,2012,Deccan Chargers,Delhi Capitals,"MA Chidambaram Stadium, Chepauk, Chennai"
548328,45,53,2012,Punjab Kings,Kolkata Knight Riders,Feroz Shah Kotla
548327,58,42,2012,Pune Team,Royal Challengers Bangalore,"Punjab Cricket Association Stadium, Mohali"
548326,57,62,2012,Deccan Chargers,Rajasthan Royals,M Chinnaswamy Stadium
548325,23,41,2012,Mumbai Indians,Delhi Capitals,Sawai Mansingh Stadium
548324,43,54,2012,Rajasthan Royals,Royal Challengers Bangalore,"Wankhede Stadium, Mumbai"
548323,26,48,2012,Punjab Kings,Kolkata Knight Riders,M Chinnaswamy Stadium
548322,43,56,2012,Chennai Super Kings,Pune Team,"Eden Gardens, Kolkata"
548321,50,34,2012,Deccan Chargers,Delhi Capitals,Subrata Roy Sahara Stadium
548320,45,36,2012,Rajasthan Royals,Kolkata Knight Riders,"Eden Gardens, Kolkata"
548319,29,38,2012,Pune Team,Punjab Kings,"Punjab Cricket Association Stadium, Mohali"
548318,56,52,2012,Royal Challengers Bangalore,Chennai Super Kings,"MA Chidambaram Stadium, Chepauk, Chennai"
548317,54,44,2012,Mumbai Indians,Rajasthan Royals,"Wankhede Stadium, Mumbai"
548316,41,50,2012,Chennai Super Kings,Delhi Capitals,Feroz Shah Kotla
548315,60,20,2012,Kolkata Knight Riders,Royal Challengers Bangalore,M Chinnaswamy Stadium
548314,45,29,2012,Deccan Chargers,Mumbai Indians,Dr. Y.S. Rajasekhara Reddy ACA-VDCA Cricket Stadium
548313,38,19,2012,Pune Team,Punjab Kings,Subrata Roy Sahara Stadium
548312,37,27,2012,Rajasthan Royals,Kolkata Knight Riders,Sawai Mansingh Stadium
548311,44,45,2012,Chennai Super Kings,Deccan Chargers,Dr. Y.S. Rajasekhara Reddy ACA-VDCA Cricket Stadium
548310,46,46,2012,Royal Challengers Bangalore,Delhi Capitals,M Chinnaswamy Stadium
548309,57,45,2012,Rajasthan Royals,Punjab Kings,Sawai Mansingh Stadium
548308,30,27,2012,Pune Team,Mumbai Indians,"Wankhede Stadium, Mumbai"
548307,46,48,2012,Kolkata Knight Riders,Delhi Capitals,"Eden Gardens, Kolkata"
548306,42,53,2012,Chennai Super Kings,Mumbai Indians,"MA Chidambaram Stadium, Chepauk, Chennai"
501271,56,47,2011,Chennai Super Kings,Royal Challengers Bangalore,"MA Chidambaram Stadium, Chepauk, Chennai"
501270,68,52,2011,Royal Challengers Bangalore,Mumbai Indians,"MA Chidambaram Stadium, Chepauk, Chennai"
501269,25,62,2011,Kolkata Knight Riders,Mumbai Indians,"Wankhede Stadium, Mumbai"
501268,44,25,2011,Royal Challengers Bangalore,Chennai Super Kings,"Wankhede Stadium, Mumbai"
501267,46,54,2011,Kolkata Knight Riders,Mumbai Indians,"Eden Gardens, Kolkata"
501266,23,44,2011,Chennai Super Kings,Royal Challengers Bangalore,M Chinnaswamy Stadium
501264,58,45,2011,Deccan Chargers,Punjab Kings,Himachal Pradesh Cricket Association Stadium
501263,26,52,2011,Mumbai Indians,Rajasthan Royals,"Wankhede Stadium, Mumbai"
501262,29,44,2011,Pune Team,Kolkata Knight Riders,"Dr DY Patil Sports Academy, Mumbai"
501261,41,40,2011,Chennai Super Kings,Kochi Tuskers Kerala,"MA Chidambaram Stadium, Chepauk, Chennai"
501260,30,34,2011,Punjab Kings,Royal Challengers Bangalore,Himachal Pradesh Cricket Association Stadium
501259,39,57,2011,Pune Team,Deccan Chargers,"Dr DY Patil Sports Academy, Mumbai"
501258,32,87,2011,Rajasthan Royals,Kochi Tuskers Kerala,Holkar Cricket Stadium
501257,43,42,2011,Punjab Kings,Delhi Capitals,Himachal Pradesh Cricket Association Stadium
501256,32,26,2011,Deccan Chargers,Mumbai Indians,M Chinnaswamy Stadium
501255,33,65,2011,Kolkata Knight Riders,Royal Challengers Bangalore,"Wankhede Stadium, Mumbai"
501254,62,49,2011,Kochi Tuskers Kerala,Punjab Kings,Holkar Cricket Stadium
501253,42,52,2011,Chennai Super Kings,Delhi Capitals,"MA Chidambaram Stadium, Chepauk, Chennai"
501252,43,66,2011,Rajasthan Royals,Royal Challengers Bangalore,Sawai Mansingh Stadium
501251,39,33,2011,Punjab Kings,Mumbai Indians,"Punjab Cricket Association Stadium, Mohali"
501250,50,52,2011,Deccan Chargers,Pune Team,"Rajiv Gandhi International Stadium, Uppal"
501249,55,48,2011,Chennai Super Kings,Rajasthan Royals,Sawai Mansingh Stadium
501248,34,40,2011,Punjab Kings,Pune Team,"Punjab Cricket Association Stadium, Mohali"
501247,49,79,2011,Kochi Tuskers Kerala,Royal Challengers Bangalore,M Chinnaswamy Stadium
501246,50,23,2011,Mumbai Indians,Delhi Capitals,"Wankhede Stadium, Mumbai"
501245,15,33,2011,Chennai Super Kings,Kolkata Knight Riders,"Eden Gardens, Kolkata"
501244,48,38,2011,Royal Challengers Bangalore,Punjab Kings,M Chinnaswamy Stadium
501243,43,29,2011,Deccan Chargers,Delhi Capitals,"Rajiv Gandhi International Stadium, Uppal"
501242,35,43,2011,Kochi Tuskers Kerala,Kolkata Knight Riders,Nehru Stadium
501241,49,31,2011,Mumbai Indians,Pune Team,"Dr DY Patil Sports Academy, Mumbai"
501240,47,43,2011,Rajasthan Royals,Chennai Super Kings,"MA Chidambaram Stadium, Chepauk, Chennai"
501239,41,41,2011,Kolkata Knight Riders,Deccan Chargers,"Rajiv Gandhi International Stadium, Uppal"
501238,42,67,2011,Delhi Capitals,Kochi Tuskers Kerala,Feroz Shah Kotla
501237,35,24,2011,Mumbai Indians,Punjab Kings,"Wankhede Stadium, Mumbai"
501236,34,64,2011,Chennai Super Kings,Deccan Chargers,Sawai Mansingh Stadium
501235,49,34,2011,Pune Team,Rajasthan Royals,"MA Chidambaram Stadium, Chepauk, Chennai"
501234,40,45,2011,Punjab Kings,Kolkata Knight Riders,Nehru Stadium
501233,34,37,2011,Delhi Capitals,Kochi Tuskers Kerala,"Eden Gardens, Kolkata"
501232,57,42,2011,Royal Challengers Bangalore,Pune Team,M Chinnaswamy Stadium
501231,31,18,2011,Mumbai Indians,Rajasthan Royals,Sawai Mansingh Stadium
501230,42,41,2011,Kolkata Knight Riders,Delhi Capitals,Feroz Shah Kotla
501229,20,29,2011,Deccan Chargers,Kochi Tuskers Kerala,"Dr DY Patil Sports Academy, Mumbai"
501228,37,28,2011,Pune Team,Chennai Super Kings,Nehru Stadium
501227,42,65,2011,Delhi Capitals,Royal Challengers Bangalore,Feroz Shah Kotla
501226,45,40,2011,Chennai Super Kings,Pune Team,"MA Chidambaram Stadium, Chepauk, Chennai"
501225,32,38,2011,Kochi Tuskers Kerala,Rajasthan Royals,Sawai Mansingh Stadium
501224,57,41,2011,Mumbai Indians,Deccan Chargers,"Rajiv Gandhi International Stadium, Uppal"
501223,70,46,2011,Delhi Capitals,Punjab Kings,Feroz Shah Kotla
501222,50,57,2011,Kolkata Knight Riders,Royal Challengers Bangalore,"Eden Gardens, Kolkata"
501221,40,44,2011,Mumbai Indians,Chennai Super Kings,"Wankhede Stadium, Mumbai"
501220,77,45,2011,Punjab Kings,Rajasthan Royals,"Punjab Cricket Association Stadium, Mohali"
501219,45,37,2011,Kochi Tuskers Kerala,Kolkata Knight Riders,"Wankhede Stadium, Mumbai"
501218,33,32,2011,Pune Team,Mumbai Indians,"Eden Gardens, Kolkata"
501216,43,38,2011,Deccan Chargers,Delhi Capitals,Feroz Shah Kotla
501215,42,49,2011,Chennai Super Kings,Kochi Tuskers Kerala,Nehru Stadium
501214,36,26,2011,Rajasthan Royals,Kolkata Knight Riders,"Eden Gardens, Kolkata"
501213,63,67,2011,Pune Team,Delhi Capitals,"Dr DY Patil Sports Academy, Mumbai"
501212,48,62,2011,Deccan Chargers,Punjab Kings,"Rajiv Gandhi International Stadium, Uppal"
501211,45,33,2011,Chennai Super Kings,Royal Challengers Bangalore,"MA Chidambaram Stadium, Chepauk, Chennai"
501210,44,50,2011,Mumbai Indians,Kochi Tuskers Kerala,"Wankhede Stadium, Mumbai"
501209,31,62,2011,Rajasthan Royals,Kolkata Knight Riders,Sawai Mansingh Stadium
501208,41,28,2011,Deccan Chargers,Royal Challengers Bangalore,"Rajiv Gandhi International Stadium, Uppal"
501207,37,44,2011,Kochi Tuskers Kerala,Pune Team,"Dr DY Patil Sports Academy, Mumbai"
501206,31,65,2011,Chennai Super Kings,Punjab Kings,"Punjab Cricket Association Stadium, Mohali"
501205,24,40,2011,Royal Challengers Bangalore,Mumbai Indians,Sawai Mansingh Stadium
501204,30,57,2011,Delhi Capitals,Rajasthan Royals,M Chinnaswamy Stadium
501203,46,30,2011,Kolkata Knight Riders,Deccan Chargers,"Eden Gardens, Kolkata"
501202,36,44,2011,Punjab Kings,Pune Team,"Dr DY Patil Sports Academy, Mumbai"
501201,38,31,2011,Delhi Capitals,Mumbai Indians,Feroz Shah Kotla
501200,61,48,2011,Kochi Tuskers Kerala,Royal Challengers Bangalore,Nehru Stadium
501199,44,31,2011,Deccan Chargers,Rajasthan Royals,"Rajiv Gandhi International Stadium, Uppal"
501198,45,52,2011,Chennai Super Kings,Kolkata Knight Riders,"MA Chidambaram Stadium, Chepauk, Chennai"
419165,40,33,2010,Chennai Super Kings,Mumbai Indians,"Dr DY Patil Sports Academy, Mumbai"
419164,27,33,2010,Deccan Chargers,Royal Challengers Bangalore,"Dr DY Patil Sports Academy, Mumbai"
419163,39,23,2010,Chennai Super Kings,Deccan Chargers,"Dr DY Patil Sports Academy, Mumbai"
419162,54,44,2010,Mumbai Indians,Royal Challengers Bangalore,"Dr DY Patil Sports Academy, Mumbai"
419161,42,44,2010,Mumbai Indians,Kolkata Knight Riders,"Eden Gardens, Kolkata"
419160,38,39,2010,Deccan Chargers,Delhi Capitals,Feroz Shah Kotla
419159,49,49,2010,Punjab Kings,Chennai Super Kings,Himachal Pradesh Cricket Association Stadium
419158,46,42,2010,Rajasthan Royals,Kolkata Knight Riders,"Eden Gardens, Kolkata"
419157,34,34,2010,Mumbai Indians,Royal Challengers Bangalore,M Chinnaswamy Stadium
419156,43,45,2010,Punjab Kings,Deccan Chargers,Himachal Pradesh Cricket Association Stadium
419155,39,33,2010,Chennai Super Kings,Delhi Capitals,"MA Chidambaram Stadium, Chepauk, Chennai"
419154,30,59,2010,Rajasthan Royals,Royal Challengers Bangalore,Sawai Mansingh Stadium
419153,22,67,2010,Kolkata Knight Riders,Chennai Super Kings,"MA Chidambaram Stadium, Chepauk, Chennai"
419152,44,69,2010,Mumbai Indians,Delhi Capitals,"Brabourne Stadium, Mumbai"
419151,35,38,2010,Deccan Chargers,Royal Challengers Bangalore,"Vidarbha Cricket Association Stadium, Jamtha"
419150,47,34,2010,Mumbai Indians,Rajasthan Royals,Sawai Mansingh Stadium
419149,45,39,2010,Delhi Capitals,Punjab Kings,Feroz Shah Kotla
419148,61,48,2010,Kolkata Knight Riders,Royal Challengers Bangalore,M Chinnaswamy Stadium
419147,55,37,2010,Chennai Super Kings,Deccan Chargers,"Vidarbha Cricket Association Stadium, Jamtha"
419146,51,56,2010,Mumbai Indians,Punjab Kings,"Punjab Cricket Association Stadium, Mohali"
419145,46,32,2010,Royal Challengers Bangalore,Deccan Chargers,M Chinnaswamy Stadium
419144,50,44,2010,Kolkata Knight Riders,Delhi Capitals,"Eden Gardens, Kolkata"
419143,52,70,2010,Punjab Kings,Rajasthan Royals,Sawai Mansingh Stadium
419142,42,46,2010,Chennai Super Kings,Mumbai Indians,"MA Chidambaram Stadium, Chepauk, Chennai"
419141,48,52,2010,Rajasthan Royals,Deccan Chargers,"Vidarbha Cricket Association Stadium, Jamtha"
419140,54,38,2010,Delhi Capitals,Royal Challengers Bangalore,"Eden Gardens, Kolkata"
419139,53,69,2010,Kolkata Knight Riders,Punjab Kings,Feroz Shah Kotla
419138,53,40,2010,Mumbai Indians,Deccan Chargers,"Brabourne Stadium, Mumbai"
419137,66,62,2010,Chennai Super Kings,Rajasthan Royals,"MA Chidambaram Stadium, Chepauk, Chennai"
419136,41,51,2010,Punjab Kings,Royal Challengers Bangalore,"Punjab Cricket Association Stadium, Mohali"
419135,46,59,2010,Kolkata Knight Riders,Deccan Chargers,"Eden Gardens, Kolkata"
419134,52,39,2010,Delhi Capitals,Rajasthan Royals,Feroz Shah Kotla
419133,52,56,2010,Royal Challengers Bangalore,Chennai Super Kings,"MA Chidambaram Stadium, Chepauk, Chennai"
419132,48,45,2010,Punjab Kings,Mumbai Indians,"Brabourne Stadium, Mumbai"
419131,62,36,2010,Delhi Capitals,Kolkata Knight Riders,Feroz Shah Kotla
419130,52,50,2010,Mumbai Indians,Deccan Chargers,"Dr DY Patil Sports Academy, Mumbai"
419129,58,58,2010,Rajasthan Royals,Chennai Super Kings,"Sardar Patel Stadium, Motera"
419128,64,46,2010,Delhi Capitals,Royal Challengers Bangalore,"Punjab Cricket Association Stadium, Mohali"
419127,50,42,2010,Kolkata Knight Riders,Punjab Kings,"Sardar Patel Stadium, Motera"
419126,55,54,2010,Deccan Chargers,Rajasthan Royals,"Brabourne Stadium, Mumbai"
419125,51,63,2010,Chennai Super Kings,Mumbai Indians,M Chinnaswamy Stadium
419124,53,76,2010,Rajasthan Royals,Punjab Kings,"Punjab Cricket Association Stadium, Mohali"
419123,38,29,2010,Royal Challengers Bangalore,Chennai Super Kings,M Chinnaswamy Stadium
419122,41,57,2010,Kolkata Knight Riders,Mumbai Indians,"Brabourne Stadium, Mumbai"
419121,38,42,2010,Punjab Kings,Chennai Super Kings,"MA Chidambaram Stadium, Chepauk, Chennai"
419120,47,48,2010,Deccan Chargers,Delhi Capitals,Barabati Stadium
419119,45,55,2010,Mumbai Indians,Royal Challengers Bangalore,"Brabourne Stadium, Mumbai"
419118,56,38,2010,Rajasthan Royals,Kolkata Knight Riders,"Sardar Patel Stadium, Motera"
419117,56,27,2010,Deccan Chargers,Punjab Kings,Feroz Shah Kotla
419116,52,56,2010,Delhi Capitals,Chennai Super Kings,Barabati Stadium
419115,31,59,2010,Rajasthan Royals,Royal Challengers Bangalore,M Chinnaswamy Stadium
419114,67,56,2010,Mumbai Indians,Delhi Capitals,Feroz Shah Kotla
419113,31,45,2010,Chennai Super Kings,Kolkata Knight Riders,"Eden Gardens, Kolkata"
419112,50,61,2010,Punjab Kings,Royal Challengers Bangalore,M Chinnaswamy Stadium
419111,47,60,2010,Rajasthan Royals,Delhi Capitals,"Sardar Patel Stadium, Motera"
419110,57,34,2010,Deccan Chargers,Chennai Super Kings,"Eden Gardens, Kolkata"
419109,24,61,2010,Royal Challengers Bangalore,Kolkata Knight Riders,"MA Chidambaram Stadium, Chepauk, Chennai"
419108,44,39,2010,Punjab Kings,Delhi Capitals,"Punjab Cricket Association Stadium, Mohali"
419107,69,39,2010,Mumbai Indians,Rajasthan Royals,"Brabourne Stadium, Mumbai"
419106,38,62,2010,Kolkata Knight Riders,Deccan Chargers,"Dr DY Patil Sports Academy, Mumbai"
392239,31,36,2009,Deccan Chargers,Royal Challengers Bangalore,New Wanderers Stadium
392238,52,59,2009,Chennai Super Kings,Royal Challengers Bangalore,New Wanderers Stadium
392237,49,84,2009,Delhi Capitals,Deccan Chargers,SuperSport Park
392236,33,64,2009,Royal Challengers Bangalore,Deccan Chargers,SuperSport Park
392235,30,60,2009,Mumbai Indians,Delhi Capitals,SuperSport Park
392234,50,29,2009,Chennai Super Kings,Punjab Kings,Kingsmead
392233,46,29,2009,Rajasthan Royals,Kolkata Knight Riders,Kingsmead
392232,37,27,2009,Delhi Capitals,Royal Challengers Bangalore,New Wanderers Stadium
392231,54,56,2009,Chennai Super Kings,Kolkata Knight Riders,SuperSport Park
392230,35,24,2009,Delhi Capitals,Rajasthan Royals,OUTsurance Oval
392229,39,46,2009,Punjab Kings,Deccan Chargers,New Wanderers Stadium
392228,31,50,2009,Kolkata Knight Riders,Deccan Chargers,St George's Park
392227,49,35,2009,Mumbai Indians,Chennai Super Kings,New Wanderers Stadium
392226,38,37,2009,Delhi Capitals,Punjab Kings,OUTsurance Oval
392225,42,26,2009,Rajasthan Royals,Mumbai Indians,Kingsmead
392224,52,33,2009,Chennai Super Kings,Royal Challengers Bangalore,Kingsmead
392223,56,50,2009,Delhi Capitals,Deccan Chargers,Kingsmead
392222,51,42,2009,Punjab Kings,Mumbai Indians,SuperSport Park
392221,38,46,2009,Kolkata Knight Riders,Royal Challengers Bangalore,SuperSport Park
392220,42,30,2009,Deccan Chargers,Rajasthan Royals,De Beers Diamond Oval
392219,37,47,2009,Kolkata Knight Riders,Delhi Capitals,New Wanderers Stadium
392218,46,39,2009,Mumbai Indians,Royal Challengers Bangalore,St George's Park
392217,34,37,2009,Rajasthan Royals,Chennai Super Kings,De Beers Diamond Oval
392216,52,45,2009,Deccan Chargers,Punjab Kings,De Beers Diamond Oval
392215,30,36,2009,Mumbai Indians,Delhi Capitals,Buffalo Park
392214,57,53,2009,Chennai Super Kings,Punjab Kings,SuperSport Park
392213,29,31,2009,Royal Challengers Bangalore,Rajasthan Royals,SuperSport Park
392212,37,41,2009,Deccan Chargers,Mumbai Indians,SuperSport Park
392211,54,57,2009,Kolkata Knight Riders,Delhi Capitals,Kingsmead
392210,57,29,2009,Rajasthan Royals,Punjab Kings,Kingsmead
392209,53,52,2009,Chennai Super Kings,Deccan Chargers,Buffalo Park
392208,25,51,2009,Mumbai Indians,Royal Challengers Bangalore,New Wanderers Stadium
392207,28,51,2009,Kolkata Knight Riders,Punjab Kings,St George's Park
392206,53,49,2009,Chennai Super Kings,Delhi Capitals,St George's Park
392205,39,30,2009,Deccan Chargers,Rajasthan Royals,New Wanderers Stadium
392204,38,35,2009,Royal Challengers Bangalore,Punjab Kings,Buffalo Park
392203,40,26,2009,Mumbai Indians,Kolkata Knight Riders,Kingsmead
392202,40,38,2009,Chennai Super Kings,Rajasthan Royals,SuperSport Park
392201,37,41,2009,Deccan Chargers,Delhi Capitals,SuperSport Park
392200,26,23,2009,Punjab Kings,Mumbai Indians,Kingsmead
392199,45,46,2009,Kolkata Knight Riders,Royal Challengers Bangalore,Kingsmead
392198,42,33,2009,Delhi Capitals,Rajasthan Royals,SuperSport Park
392197,61,47,2009,Mumbai Indians,Kolkata Knight Riders,St George's Park
392196,62,69,2009,Chennai Super Kings,Deccan Chargers,Kingsmead
392195,38,32,2009,Punjab Kings,Rajasthan Royals,St George's Park
392194,45,43,2009,Royal Challengers Bangalore,Delhi Capitals,Newlands
392192,55,50,2009,Deccan Chargers,Mumbai Indians,Kingsmead
392191,49,44,2009,Royal Challengers Bangalore,Punjab Kings,Kingsmead
392190,54,38,2009,Rajasthan Royals,Kolkata Knight Riders,Newlands
392189,59,61,2009,Delhi Capitals,Chennai Super Kings,Kingsmead
392188,62,31,2009,Deccan Chargers,Royal Challengers Bangalore,Newlands
392186,46,60,2009,Punjab Kings,Kolkata Knight Riders,Kingsmead
392185,68,46,2009,Chennai Super Kings,Royal Challengers Bangalore,St George's Park
392184,21,37,2009,Kolkata Knight Riders,Deccan Chargers,Newlands
392183,67,58,2009,Punjab Kings,Delhi Capitals,Newlands
392182,29,14,2009,Royal Challengers Bangalore,Rajasthan Royals,Newlands
392181,40,40,2009,Mumbai Indians,Chennai Super Kings,Newlands
336040,42,41,2008,Chennai Super Kings,Rajasthan Royals,"Dr DY Patil Sports Academy, Mumbai"
336039,35,35,2008,Punjab Kings,Chennai Super Kings,"Wankhede Stadium, Mumbai"
336038,58,28,2008,Rajasthan Royals,Delhi Capitals,"Wankhede Stadium, Mumbai"
336037,26,44,2008,Deccan Chargers,Chennai Super Kings,"Punjab Cricket Association Stadium, Mohali"
336036,29,36,2008,Mumbai Indians,Rajasthan Royals,M Chinnaswamy Stadium
336035,47,51,2008,Punjab Kings,Kolkata Knight Riders,"Rajiv Gandhi International Stadium, Uppal"
336034,46,33,2008,Royal Challengers Bangalore,Deccan Chargers,Sawai Mansingh Stadium
336033,67,65,2008,Rajasthan Royals,Chennai Super Kings,"Eden Gardens, Kolkata"
336032,60,56,2008,Mumbai Indians,Delhi Capitals,"Rajiv Gandhi International Stadium, Uppal"
336031,42,74,2008,Deccan Chargers,Punjab Kings,"MA Chidambaram Stadium, Chepauk, Chennai"
336029,23,44,2008,Royal Challengers Bangalore,Chennai Super Kings,Feroz Shah Kotla
336028,43,68,2008,Punjab Kings,Mumbai Indians,"Punjab Cricket Association Stadium, Mohali"
336027,32,42,2008,Kolkata Knight Riders,Rajasthan Royals,"MA Chidambaram Stadium, Chepauk, Chennai"
336026,41,71,2008,Royal Challengers Bangalore,Delhi Capitals,"Wankhede Stadium, Mumbai"
336025,35,43,2008,Kolkata Knight Riders,Chennai Super Kings,"Eden Gardens, Kolkata"
336024,57,32,2008,Mumbai Indians,Deccan Chargers,M Chinnaswamy Stadium
336023,51,23,2008,Rajasthan Royals,Royal Challengers Bangalore,"Eden Gardens, Kolkata"
336022,68,73,2008,Delhi Capitals,Punjab Kings,"Rajiv Gandhi International Stadium, Uppal"
336021,27,68,2008,Kolkata Knight Riders,Mumbai Indians,Feroz Shah Kotla
336020,48,71,2008,Delhi Capitals,Deccan Chargers,Sawai Mansingh Stadium
336019,51,38,2008,Punjab Kings,Rajasthan Royals,"Wankhede Stadium, Mumbai"
336018,28,78,2008,Chennai Super Kings,Mumbai Indians,Feroz Shah Kotla
336017,35,37,2008,Kolkata Knight Riders,Delhi Capitals,"Wankhede Stadium, Mumbai"
336016,50,42,2008,Royal Challengers Bangalore,Punjab Kings,"Eden Gardens, Kolkata"
336015,47,21,2008,Delhi Capitals,Rajasthan Royals,"Punjab Cricket Association Stadium, Mohali"
336014,43,55,2008,Kolkata Knight Riders,Deccan Chargers,Sawai Mansingh Stadium
336013,53,35,2008,Chennai Super Kings,Punjab Kings,"Rajiv Gandhi International Stadium, Uppal"
336012,36,39,2008,Royal Challengers Bangalore,Mumbai Indians,"MA Chidambaram Stadium, Chepauk, Chennai"
336011,50,50,2008,Deccan Chargers,Rajasthan Royals,Sawai Mansingh Stadium
336010,41,35,2008,Kolkata Knight Riders,Royal Challengers Bangalore,Feroz Shah Kotla
336009,50,62,2008,Delhi Capitals,Chennai Super Kings,"Eden Gardens, Kolkata"
336008,48,34,2008,Rajasthan Royals,Mumbai Indians,"Dr DY Patil Sports Academy, Mumbai"
336007,34,50,2008,Chennai Super Kings,Deccan Chargers,"MA Chidambaram Stadium, Chepauk, Chennai"
336006,26,52,2008,Royal Challengers Bangalore,Punjab Kings,M Chinnaswamy Stadium
336005,38,44,2008,Chennai Super Kings,Rajasthan Royals,Sawai Mansingh Stadium
336004,50,37,2008,Mumbai Indians,Delhi Capitals,"Dr DY Patil Sports Academy, Mumbai"
336003,49,31,2008,Punjab Kings,Kolkata Knight Riders,M Chinnaswamy Stadium
336002,41,43,2008,Deccan Chargers,Royal Challengers Bangalore,"Punjab Cricket Association Stadium, Mohali"
336001,47,64,2008,Chennai Super Kings,Delhi Capitals,"MA Chidambaram Stadium, Chepauk, Chennai"
336000,45,51,2008,Rajasthan Royals,Kolkata Knight Riders,Sawai Mansingh Stadium
335999,50,41,2008,Deccan Chargers,Punjab Kings,"Rajiv Gandhi International Stadium, Uppal"
335998,58,55,2008,Delhi Capitals,Royal Challengers Bangalore,Feroz Shah Kotla
335997,40,38,2008,Kolkata Knight Riders,Mumbai Indians,"Eden Gardens, Kolkata"
335996,36,45,2008,Chennai Super Kings,Royal Challengers Bangalore,M Chinnaswamy Stadium
335995,45,55,2008,Delhi Capitals,Punjab Kings,"Punjab Cricket Association Stadium, Mohali"
335994,27,60,2008,Mumbai Indians,Deccan Chargers,"Dr DY Patil Sports Academy, Mumbai"
335993,61,45,2008,Kolkata Knight Riders,Chennai Super Kings,"MA Chidambaram Stadium, Chepauk, Chennai"
335992,57,45,2008,Royal Challengers Bangalore,Rajasthan Royals,M Chinnaswamy Stadium
335991,60,39,2008,Punjab Kings,Mumbai Indians,"Punjab Cricket Association Stadium, Mohali"
335990,58,73,2008,Deccan Chargers,Rajasthan Royals,"Rajiv Gandhi International Stadium, Uppal"
335989,53,52,2008,Chennai Super Kings,Mumbai Indians,"MA Chidambaram Stadium, Chepauk, Chennai"
335988,25,48,2008,Deccan Chargers,Delhi Capitals,"Rajiv Gandhi International Stadium, Uppal"
335987,54,53,2008,Punjab Kings,Rajasthan Royals,Sawai Mansingh Stadium
335986,39,26,2008,Deccan Chargers,Kolkata Knight Riders,"Eden Gardens, Kolkata"
335985,47,40,2008,Mumbai Indians,Royal Challengers Bangalore,"Wankhede Stadium, Mumbai"
335984,40,55,2008,Rajasthan Royals,Delhi Capitals,Feroz Shah Kotla
335983,53,63,2008,Chennai Super Kings,Punjab Kings,"Punjab Cricket Association Stadium, Mohali"
335982,61,26,2008,Kolkata Knight Riders,Royal Challengers Bangalore,M Chinnaswamy Stadium
